family,seed,arm,cover,sys1,sys3,sys5,sys10,mrr,ndcg10,temp_n,temp_mae,temp_within_5c,temp_within_10c,temp_within_20c
Beckmann,0,full,0.42127659574468085,0.19574468085106383,0.23829787234042554,0.25957446808510637,0.3148936170212766,0.23268238094177102,0.23964821466700723,67,10.516685702985075,0.3582089552238806,0.582089552238806,0.8507462686567164
Beckmann,0,no_ltr,0.42127659574468085,0.14893617021276595,0.22127659574468084,0.2297872340425532,0.25957446808510637,0.19384753161800478,0.19740220134862943,0,,,,
Beckmann,0,no_rgnn_temperature,0.42127659574468085,0.19574468085106383,0.23829787234042554,0.25957446808510637,0.3148936170212766,0.23268238094177102,0.23964821466700723,67,12.589014289552239,0.34328358208955223,0.5970149253731343,0.8208955223880597
Buchwald-HartwigCross-Coupling,0,full,0.5896269335759782,0.3348498635122839,0.448589626933576,0.4904458598726115,0.5259326660600546,0.40270534306546635,0.4227465736715314,537,12.332857908752327,0.3407821229050279,0.5623836126629422,0.813780260707635
Buchwald-HartwigCross-Coupling,0,no_ltr,0.5896269335759782,0.27388535031847133,0.3421292083712466,0.36032757051865333,0.3776160145586897,0.3174330857082626,0.3234737488353466,0,,,,
Buchwald-HartwigCross-Coupling,0,no_rgnn_temperature,0.5896269335759782,0.3348498635122839,0.448589626933576,0.4904458598726115,0.5259326660600546,0.40270534306546635,0.4227465736715314,537,13.013356694599626,0.3407821229050279,0.5456238361266295,0.8100558659217877
Chan_LamCoupling,0,full,0.7282051282051282,0.3128205128205128,0.45384615384615384,0.5282051282051282,0.6051282051282051,0.40492184356150185,0.43640541596595706,267,5.709333910486891,0.700374531835206,0.8576779026217228,0.9400749063670412
Chan_LamCoupling,0,no_ltr,0.7282051282051282,0.40512820512820513,0.5307692307692308,0.5435897435897435,0.5666666666666667,0.47111266518724965,0.48645529130087195,0,,,,
Chan_LamCoupling,0,no_rgnn_temperature,0.7282051282051282,0.3128205128205128,0.45384615384615384,0.5282051282051282,0.6051282051282051,0.40492184356150185,0.43640541596595706,267,6.779203791385768,0.5955056179775281,0.7677902621722846,0.947565543071161
DielsAlder,0,full,0.34776902887139105,0.14304461942257218,0.2047244094488189,0.22965879265091863,0.26246719160104987,0.18313413818775892,0.1927211370269743,208,18.220098675,0.27403846153846156,0.4375,0.6778846153846154
DielsAlder,0,no_ltr,0.34776902887139105,0.1377952755905512,0.1837270341207349,0.1916010498687664,0.20734908136482938,0.16557466898699708,0.17037293016656788,0,,,,
DielsAlder,0,no_rgnn_temperature,0.34776902887139105,0.14304461942257218,0.2047244094488189,0.22965879265091863,0.26246719160104987,0.18313413818775892,0.1927211370269743,208,23.06339378932692,0.20192307692307693,0.35096153846153844,0.5769230769230769
Friedel-CraftsAcylation,0,full,0.6484210526315789,0.21473684210526317,0.3242105263157895,0.3768421052631579,0.4610526315789474,0.2929390913315914,0.3092579373358365,270,11.075046804222223,0.37777777777777777,0.6518518518518519,0.8555555555555555
Friedel-CraftsAcylation,0,no_ltr,0.6484210526315789,0.30105263157894735,0.4189473684210526,0.4463157894736842,0.4568421052631579,0.37023093396856677,0.3797196572133708,0,,,,
Friedel-CraftsAcylation,0,no_rgnn_temperature,0.6484210526315789,0.21473684210526317,0.3242105263157895,0.3768421052631579,0.4610526315789474,0.2929390913315914,0.3092579373358365,270,12.260556414851852,0.40370370370370373,0.6259259259259259,0.8111111111111111
Friedel-CraftsAlkylation,0,full,0.5105672969966629,0.23248053392658508,0.353726362625139,0.403781979977753,0.43715239154616237,0.3049050017115503,0.3265031729886404,436,10.949838716674313,0.3646788990825688,0.6559633027522935,0.8646788990825688
Friedel-CraftsAlkylation,0,no_ltr,0.5105672969966629,0.20800889877641823,0.25806451612903225,0.2703003337041157,0.2825361512791991,0.24073982683770137,0.24423547288356268,0,,,,
Friedel-CraftsAlkylation,0,no_rgnn_temperature,0.5105672969966629,0.23248053392658508,0.353726362625139,0.403781979977753,0.43715239154616237,0.3049050017115503,0.3265031729886404,436,13.403460982591742,0.28440366972477066,0.5298165137614679,0.7935779816513762
Beckmann,1,full,0.425531914893617,0.10638297872340424,0.18297872340425533,0.2297872340425532,0.25957446808510637,0.16158056886035005,0.1729707858037118,71,12.52414143802817,0.323943661971831,0.5915492957746479,0.8732394366197183
Beckmann,1,no_ltr,0.425531914893617,0.12765957446808512,0.18297872340425533,0.21702127659574466,0.26382978723404255,0.17411949793077255,0.18528162529347825,0,,,,
Beckmann,1,no_rgnn_temperature,0.425531914893617,0.10638297872340424,0.18297872340425533,0.2297872340425532,0.25957446808510637,0.16158056886035005,0.1729707858037118,71,14.926043573239436,0.2676056338028169,0.4788732394366197,0.7605633802816901
Buchwald-HartwigCross-Coupling,1,full,0.5914467697907189,0.3348498635122839,0.4494995450409463,0.48316651501364877,0.5250227479526842,0.4029857531771227,0.4213751147096866,538,12.40027415055762,0.31784386617100374,0.5464684014869888,0.8234200743494424
Buchwald-HartwigCross-Coupling,1,no_ltr,0.5914467697907189,0.26933575978161967,0.34485896269335764,0.36396724294813465,0.3794358507734304,0.31719907619287313,0.3244884926079636,0,,,,
Buchwald-HartwigCross-Coupling,1,no_rgnn_temperature,0.5914467697907189,0.3348498635122839,0.4494995450409463,0.48316651501364877,0.5250227479526842,0.4029857531771227,0.4213751147096866,538,12.256004639405205,0.3420074349442379,0.570631970260223,0.8327137546468402
Chan_LamCoupling,1,full,0.7307692307692307,0.37948717948717947,0.5102564102564102,0.5538461538461539,0.6051282051282051,0.4617063116240167,0.4810498156649605,268,6.183165497014926,0.6753731343283582,0.8208955223880597,0.9291044776119403
Chan_LamCoupling,1,no_ltr,0.7307692307692307,0.4076923076923077,0.5230769230769231,0.5461538461538461,0.5641025641025641,0.47190991671534754,0.48468167175232446,0,,,,
Chan_LamCoupling,1,no_rgnn_temperature,0.7307692307692307,0.37948717948717947,0.5102564102564102,0.5538461538461539,0.6051282051282051,0.4617063116240167,0.4810498156649605,268,6.907056168283582,0.6044776119402985,0.7835820895522388,0.9402985074626866
DielsAlder,1,full,0.3464566929133858,0.17191601049868765,0.21653543307086612,0.22965879265091863,0.26246719160104987,0.2032853430113431,0.20884548551029777,208,19.60101520355769,0.22115384615384615,0.4567307692307692,0.6538461538461539
DielsAlder,1,no_ltr,0.3464566929133858,0.13910761154855641,0.1889763779527559,0.19291338582677167,0.21128608923884515,0.16837709039923934,0.1738287198770656,0,,,,
DielsAlder,1,no_rgnn_temperature,0.3464566929133858,0.17191601049868765,0.21653543307086612,0.22965879265091863,0.26246719160104987,0.2032853430113431,0.20884548551029777,208,23.537041174182693,0.1875,0.34615384615384615,0.5721153846153846
Friedel-CraftsAcylation,1,full,0.6484210526315789,0.2463157894736842,0.37894736842105264,0.4168421052631579,0.49894736842105264,0.32944203739111183,0.3500804593410123,270,10.7585382165,0.4074074074074074,0.6555555555555556,0.8629629629629629
Friedel-CraftsAcylation,1,no_ltr,0.6484210526315789,0.3031578947368421,0.4231578947368421,0.44842105263157894,0.45894736842105266,0.3715492722762448,0.38117698519636384,0,,,,
Friedel-CraftsAcylation,1,no_rgnn_temperature,0.6484210526315789,0.2463157894736842,0.37894736842105264,0.4168421052631579,0.49894736842105264,0.32944203739111183,0.3500804593410123,270,12.85713083759259,0.35185185185185186,0.6,0.8037037037037037
Friedel-CraftsAlkylation,1,full,0.5150166852057843,0.27474972191323693,0.3870967741935484,0.42602892102335926,0.45272525027808674,0.33972163452490906,0.3566533139012058,440,11.314495059613638,0.39090909090909093,0.5886363636363636,0.8386363636363636
Friedel-CraftsAlkylation,1,no_ltr,0.5150166852057843,0.21802002224694103,0.26918798665183535,0.2758620689655172,0.28809788654060065,0.2504118085220811,0.2519007940764993,0,,,,
Friedel-CraftsAlkylation,1,no_rgnn_temperature,0.5150166852057843,0.27474972191323693,0.3870967741935484,0.42602892102335926,0.45272525027808674,0.33972163452490906,0.3566533139012058,440,13.553539936613635,0.32045454545454544,0.525,0.7727272727272727
Beckmann,2,full,0.4297872340425532,0.1148936170212766,0.17872340425531916,0.22553191489361704,0.2680851063829787,0.16314448582249932,0.17647507519930233,71,13.048767187323943,0.2535211267605634,0.5070422535211268,0.8450704225352113
Beckmann,2,no_ltr,0.4297872340425532,0.15319148936170213,0.20851063829787234,0.2297872340425532,0.26382978723404255,0.19378540159024493,0.19635036272943793,0,,,,
Beckmann,2,no_rgnn_temperature,0.4297872340425532,0.1148936170212766,0.17872340425531916,0.22553191489361704,0.2680851063829787,0.16314448582249932,0.17647507519930233,71,14.891061831549296,0.2676056338028169,0.4507042253521127,0.7605633802816901
Buchwald-HartwigCross-Coupling,2,full,0.5950864422202001,0.3312101910828026,0.4558689717925387,0.48134667879890813,0.5222929936305732,0.4031718401349317,0.4199641114599885,542,11.722352095940959,0.3210332103321033,0.5608856088560885,0.8468634686346863
Buchwald-HartwigCross-Coupling,2,no_ltr,0.5950864422202001,0.2611464968152866,0.33212010919017293,0.36396724294813465,0.3812556869881711,0.30917373159871886,0.3194946673425251,0,,,,
Buchwald-HartwigCross-Coupling,2,no_rgnn_temperature,0.5950864422202001,0.3312101910828026,0.4558689717925387,0.48134667879890813,0.5222929936305732,0.4031718401349317,0.4199641114599885,542,11.682485723247234,0.37453874538745385,0.5719557195571956,0.8136531365313653
Chan_LamCoupling,2,full,0.7282051282051282,0.4282051282051282,0.5564102564102564,0.6,0.6384615384615384,0.5036404716077256,0.5228879159796693,267,5.8890967265917595,0.6779026217228464,0.8352059925093633,0.9438202247191011
Chan_LamCoupling,2,no_ltr,0.7282051282051282,0.4076923076923077,0.5205128205128206,0.5487179487179488,0.5743589743589743,0.47247818379192963,0.4894774520369031,0,,,,
Chan_LamCoupling,2,no_rgnn_temperature,0.7282051282051282,0.4282051282051282,0.5564102564102564,0.6,0.6384615384615384,0.5036404716077256,0.5228879159796693,267,7.244696408614232,0.599250936329588,0.7677902621722846,0.9325842696629213
DielsAlder,2,full,0.34776902887139105,0.16010498687664043,0.22178477690288714,0.24146981627296588,0.2690288713910761,0.19902749730984945,0.20524419502632463,208,19.578366152067307,0.23076923076923078,0.4375,0.6826923076923077
DielsAlder,2,no_ltr,0.34776902887139105,0.10236220472440945,0.1679790026246719,0.19028871391076113,0.2047244094488189,0.14297915238439698,0.15254560919687782,0,,,,
DielsAlder,2,no_rgnn_temperature,0.34776902887139105,0.16010498687664043,0.22178477690288714,0.24146981627296588,0.2690288713910761,0.19902749730984945,0.20524419502632463,208,25.88416403105769,0.18269230769230768,0.3317307692307692,0.5192307692307693
Friedel-CraftsAcylation,2,full,0.6484210526315789,0.2631578947368421,0.37473684210526315,0.43157894736842106,0.5073684210526316,0.3422638999743352,0.36243361943302405,270,10.283518278444443,0.43333333333333335,0.6962962962962963,0.8703703703703703
Friedel-CraftsAcylation,2,no_ltr,0.6484210526315789,0.32,0.4231578947368421,0.4421052631578947,0.4610526315789474,0.3822398935252112,0.38813534328780824,0,,,,
Friedel-CraftsAcylation,2,no_rgnn_temperature,0.6484210526315789,0.2631578947368421,0.37473684210526315,0.43157894736842106,0.5073684210526316,0.3422638999743352,0.36243361943302405,270,12.519572993481482,0.3851851851851852,0.5962962962962963,0.8
Friedel-CraftsAlkylation,2,full,0.5139043381535039,0.27919911012235815,0.3848720800889877,0.43270300333704115,0.46273637374860954,0.34410510936134897,0.3628317453801268,439,10.689665595343962,0.4054669703872437,0.6400911161731208,0.8473804100227791
Friedel-CraftsAlkylation,2,no_ltr,0.5139043381535039,0.2224694104560623,0.2614015572858732,0.26807563959955505,0.2836484983314794,0.25006299888925504,0.2497295530408443,0,,,,
Friedel-CraftsAlkylation,2,no_rgnn_temperature,0.5139043381535039,0.27919911012235815,0.3848720800889877,0.43270300333704115,0.46273637374860954,0.34410510936134897,0.3628317453801268,439,13.364153858314351,0.30068337129840544,0.5603644646924829,0.7881548974943052
