family,seed,arm,n_queries,cover,sys1,sys3,sys5,sys10,mrr,ndcg10,temp_n,temp_mae,temp_within_5c,temp_within_10c,temp_within_20c
Beckmann,0,full,235,0.41702127659574467,0.1702127659574468,0.21702127659574466,0.2553191489361702,0.2978723404255319,0.2093829990598752,0.21914721752484553,65,10.688845136923076,0.46153846153846156,0.5846153846153846,0.8307692307692308
Beckmann,0,no_ltr,235,0.41702127659574467,0.1276595744680851,0.20425531914893616,0.21702127659574466,0.24255319148936172,0.17439293307719625,0.18152419558118418,0,,,,
Beckmann,0,no_rgnn_temperature,235,0.41702127659574467,0.1702127659574468,0.21702127659574466,0.2553191489361702,0.2978723404255319,0.2093829990598752,0.21914721752484553,65,11.779149375384616,0.36923076923076925,0.5846153846153846,0.8307692307692308
Beckmann,1,full,235,0.4127659574468085,0.10638297872340424,0.16170212765957445,0.2,0.24680851063829784,0.1532363159879941,0.1619367335614837,68,13.349801698529413,0.3382352941176471,0.5882352941176471,0.7941176470588235
Beckmann,1,no_ltr,235,0.4127659574468085,0.11914893617021277,0.17446808510638298,0.20425531914893616,0.24255319148936172,0.1618819750777016,0.17253049844219043,0,,,,
Beckmann,1,no_rgnn_temperature,235,0.4127659574468085,0.10638297872340424,0.16170212765957445,0.2,0.24680851063829784,0.1532363159879941,0.1619367335614837,68,14.64536290735294,0.27941176470588236,0.5,0.7647058823529411
Beckmann,2,full,235,0.41702127659574467,0.09361702127659574,0.16170212765957445,0.19574468085106383,0.24680851063829784,0.14457069469961353,0.15775909404102048,68,13.711037697058824,0.29411764705882354,0.5441176470588235,0.7794117647058824
Beckmann,2,no_ltr,235,0.41702127659574467,0.14042553191489363,0.19574468085106383,0.21276595744680848,0.23829787234042554,0.17821610135489102,0.18170612011594717,0,,,,
Beckmann,2,no_rgnn_temperature,235,0.41702127659574467,0.09361702127659574,0.16170212765957445,0.19574468085106383,0.24680851063829784,0.14457069469961353,0.15775909404102048,68,14.827031927058826,0.27941176470588236,0.45588235294117646,0.7647058823529411
Buchwald-HartwigCross-Coupling,0,full,1099,0.5168334849863512,0.3111919927206551,0.39854413102820746,0.4249317561419472,0.45586897179253866,0.3628851104839667,0.3760149374774288,484,12.524909026859502,0.3367768595041322,0.5619834710743802,0.8037190082644629
Buchwald-HartwigCross-Coupling,0,no_ltr,1099,0.5168334849863512,0.25477707006369427,0.31028207461328483,0.3202911737943585,0.3348498635122839,0.28967035134426,0.2931935980756029,0,,,,
Buchwald-HartwigCross-Coupling,0,no_rgnn_temperature,1099,0.5168334849863512,0.3111919927206551,0.39854413102820746,0.4249317561419472,0.45586897179253866,0.3628851104839667,0.3760149374774288,484,13.187621167355372,0.3305785123966942,0.5351239669421488,0.8057851239669421
Buchwald-HartwigCross-Coupling,1,full,1099,0.5186533212010919,0.31028207461328483,0.4030937215650591,0.43039126478616924,0.4549590536851683,0.364345011669583,0.37608158055145585,486,11.966208358024693,0.3662551440329218,0.5534979423868313,0.8271604938271605
Buchwald-HartwigCross-Coupling,1,no_ltr,1099,0.5186533212010919,0.24749772520473157,0.3111919927206551,0.32666060054595086,0.3357597816196542,0.28740508149254484,0.2929730791649351,0,,,,
Buchwald-HartwigCross-Coupling,1,no_rgnn_temperature,1099,0.5186533212010919,0.31028207461328483,0.4030937215650591,0.43039126478616924,0.4549590536851683,0.364345011669583,0.37608158055145585,486,12.296636086419754,0.35802469135802467,0.5720164609053497,0.8251028806584362
Buchwald-HartwigCross-Coupling,2,full,1099,0.5241128298453139,0.30937215650591443,0.40582347588717016,0.4258416742493175,0.46496815286624205,0.3655958348873867,0.3793474817720328,492,11.562660477642275,0.3516260162601626,0.5670731707317073,0.8252032520325203
Buchwald-HartwigCross-Coupling,2,no_ltr,1099,0.5241128298453139,0.24840764331210188,0.3039126478616924,0.3257506824385805,0.3412192902638762,0.28578167696123774,0.293819590377038,0,,,,
Buchwald-HartwigCross-Coupling,2,no_rgnn_temperature,1099,0.5241128298453139,0.30937215650591443,0.40582347588717016,0.4258416742493175,0.46496815286624205,0.3655958348873867,0.3793474817720328,492,11.777623276422764,0.3719512195121951,0.5711382113821138,0.8211382113821138
Chan_LamCoupling,0,full,390,0.6512820512820513,0.2512820512820513,0.4025641025641026,0.4641025641025641,0.5435897435897435,0.3457700929951523,0.37911923249303847,238,6.126568015966387,0.6302521008403361,0.8529411764705882,0.9411764705882353
Chan_LamCoupling,0,no_ltr,390,0.6512820512820513,0.36923076923076925,0.4641025641025641,0.48205128205128206,0.5076923076923077,0.42246853836975073,0.43457996902273405,0,,,,
Chan_LamCoupling,0,no_rgnn_temperature,390,0.6512820512820513,0.2512820512820513,0.4025641025641026,0.4641025641025641,0.5435897435897435,0.3457700929951523,0.37911923249303847,238,6.950175574789917,0.6050420168067226,0.7899159663865546,0.9327731092436975
Chan_LamCoupling,1,full,390,0.6512820512820513,0.2717948717948718,0.4256410256410256,0.4717948717948718,0.5307692307692308,0.36201707299951313,0.38946334527724275,239,5.7851175903765695,0.6694560669456067,0.8577405857740585,0.9539748953974896
Chan_LamCoupling,1,no_ltr,390,0.6512820512820513,0.36153846153846153,0.45384615384615384,0.48205128205128206,0.5076923076923077,0.4165027160975431,0.4281135300200469,0,,,,
Chan_LamCoupling,1,no_rgnn_temperature,390,0.6512820512820513,0.2717948717948718,0.4256410256410256,0.4717948717948718,0.5307692307692308,0.36201707299951313,0.38946334527724275,239,7.231482660669455,0.5941422594142259,0.7740585774058577,0.9330543933054394
Chan_LamCoupling,2,full,390,0.6512820512820513,0.24615384615384617,0.43333333333333335,0.49230769230769234,0.5307692307692308,0.35264462252181367,0.38012065300503284,238,5.722050915966386,0.680672268907563,0.8529411764705882,0.9495798319327731
Chan_LamCoupling,2,no_ltr,390,0.6512820512820513,0.35384615384615387,0.4564102564102564,0.49230769230769234,0.5128205128205128,0.4154312833102609,0.4294254055716396,0,,,,
Chan_LamCoupling,2,no_rgnn_temperature,390,0.6512820512820513,0.24615384615384617,0.43333333333333335,0.49230769230769234,0.5307692307692308,0.35264462252181367,0.38012065300503284,238,7.16401538487395,0.6008403361344538,0.7815126050420168,0.9285714285714286
DielsAlder,0,full,762,0.30971128608923887,0.1036745406824147,0.17454068241469817,0.19816272965879264,0.23228346456692914,0.14842814152727418,0.16083525455036932,183,16.522235952677597,0.2786885245901639,0.4426229508196721,0.7213114754098361
DielsAlder,0,no_ltr,762,0.30971128608923887,0.1036745406824147,0.12992125984251968,0.1377952755905512,0.15223097112860892,0.12372233413161232,0.12551328929485864,0,,,,
DielsAlder,0,no_rgnn_temperature,762,0.30971128608923887,0.1036745406824147,0.17454068241469817,0.19816272965879264,0.23228346456692914,0.14842814152727418,0.16083525455036932,183,22.678968321311476,0.14207650273224043,0.3333333333333333,0.5683060109289617
DielsAlder,1,full,762,0.3083989501312336,0.1272965879265092,0.19291338582677164,0.2178477690288714,0.2545931758530184,0.16926397060171805,0.1828639977422955,183,17.224563761202187,0.2896174863387978,0.4644808743169399,0.6939890710382514
DielsAlder,1,no_ltr,762,0.3083989501312336,0.09973753280839896,0.13517060367454067,0.1377952755905512,0.15354330708661418,0.12198865609581507,0.12511869839319747,0,,,,
DielsAlder,1,no_rgnn_temperature,762,0.3083989501312336,0.1272965879265092,0.19291338582677164,0.2178477690288714,0.2545931758530184,0.16926397060171805,0.1828639977422955,183,22.29853841967213,0.1366120218579235,0.3005464480874317,0.5901639344262295
DielsAlder,2,full,762,0.30971128608923887,0.12467191601049868,0.19028871391076116,0.2073490813648294,0.2414698162729659,0.1648615023375396,0.1761628617417832,183,16.362368741311474,0.273224043715847,0.45901639344262296,0.7377049180327869
DielsAlder,2,no_ltr,762,0.30971128608923887,0.08267716535433071,0.12598425196850394,0.1377952755905512,0.14960629921259844,0.11069674323201194,0.11512272764663885,0,,,,
DielsAlder,2,no_rgnn_temperature,762,0.30971128608923887,0.12467191601049868,0.19028871391076116,0.2073490813648294,0.2414698162729659,0.1648615023375396,0.1761628617417832,183,23.45874687311476,0.1912568306010929,0.3333333333333333,0.5409836065573771
Friedel-CraftsAcylation,0,full,475,0.5789473684210527,0.18105263157894738,0.28842105263157897,0.3452631578947369,0.4210526315789474,0.2595472074362108,0.2758011223359137,238,10.146813130924372,0.4117647058823529,0.6764705882352942,0.8571428571428571
Friedel-CraftsAcylation,0,no_ltr,475,0.5789473684210527,0.2231578947368421,0.32210526315789473,0.3494736842105263,0.36210526315789476,0.28323333709275356,0.2934358211332707,0,,,,
Friedel-CraftsAcylation,0,no_rgnn_temperature,475,0.5789473684210527,0.18105263157894738,0.28842105263157897,0.3452631578947369,0.4210526315789474,0.2595472074362108,0.2758011223359137,238,11.766136283512605,0.3907563025210084,0.6302521008403361,0.8151260504201681
Friedel-CraftsAcylation,1,full,475,0.5831578947368421,0.2,0.3263157894736842,0.3726315789473684,0.44,0.28104518048839316,0.30003655913757776,239,10.0050281358159,0.4225941422594142,0.6610878661087866,0.8702928870292888
Friedel-CraftsAcylation,1,no_ltr,475,0.5831578947368421,0.23789473684210527,0.32210526315789473,0.3473684210526316,0.3684210526315789,0.290888033471251,0.30422657789160346,0,,,,
Friedel-CraftsAcylation,1,no_rgnn_temperature,475,0.5831578947368421,0.2,0.3263157894736842,0.3726315789473684,0.44,0.28104518048839316,0.30003655913757776,239,12.516189413389123,0.3054393305439331,0.5857740585774058,0.799163179916318
Friedel-CraftsAcylation,2,full,475,0.5831578947368421,0.20631578947368423,0.3242105263157895,0.3705263157894737,0.4631578947368421,0.28832736404606807,0.3122368588774311,239,10.091635248326359,0.40585774058577406,0.6652719665271967,0.8661087866108786
Friedel-CraftsAcylation,2,no_ltr,475,0.5831578947368421,0.24210526315789474,0.33263157894736844,0.3536842105263158,0.3684210526315789,0.2962628649049444,0.307600266116675,0,,,,
Friedel-CraftsAcylation,2,no_rgnn_temperature,475,0.5831578947368421,0.20631578947368423,0.3242105263157895,0.3705263157894737,0.4631578947368421,0.28832736404606807,0.3122368588774311,239,12.542060588577408,0.3263598326359833,0.6192468619246861,0.8284518828451883
Friedel-CraftsAlkylation,0,full,899,0.3770856507230256,0.1657397107897664,0.27363737486095663,0.30700778642936594,0.3259176863181313,0.22787643779720113,0.24407536320401077,321,10.152479572109035,0.4143302180685358,0.6230529595015576,0.8442367601246106
Friedel-CraftsAlkylation,0,no_ltr,899,0.3770856507230256,0.14015572858731923,0.1735261401557286,0.1835372636262514,0.18798665183537264,0.16377741552315578,0.16477760415159012,0,,,,
Friedel-CraftsAlkylation,0,no_rgnn_temperature,899,0.3770856507230256,0.1657397107897664,0.27363737486095663,0.30700778642936594,0.3259176863181313,0.22787643779720113,0.24407536320401077,321,13.374274375420562,0.30218068535825543,0.5358255451713395,0.7912772585669782
Friedel-CraftsAlkylation,1,full,899,0.3781979977753059,0.19243604004449388,0.27363737486095663,0.3003337041156841,0.3270300333704116,0.2422856768578668,0.25696978092067535,322,11.682920798012423,0.39751552795031053,0.6024844720496895,0.8105590062111802
Friedel-CraftsAlkylation,1,no_ltr,899,0.3781979977753059,0.13793103448275862,0.18020022246941045,0.1846496106785317,0.19132369299221355,0.1649476852280999,0.16697769120040232,0,,,,
Friedel-CraftsAlkylation,1,no_rgnn_temperature,899,0.3781979977753059,0.19243604004449388,0.27363737486095663,0.3003337041156841,0.3270300333704116,0.2422856768578668,0.25696978092067535,322,13.966212354906833,0.3198757763975155,0.5248447204968945,0.7577639751552795
Friedel-CraftsAlkylation,2,full,899,0.37486095661846497,0.1935483870967742,0.3003337041156841,0.3192436040044494,0.3381535038932147,0.24939828044398943,0.26495404113537774,318,10.05751729792453,0.4056603773584906,0.6509433962264151,0.8647798742138365
Friedel-CraftsAlkylation,2,no_ltr,899,0.37486095661846497,0.15016685205784205,0.1768631813125695,0.18131256952169078,0.185761957730812,0.16980075588371302,0.1681177903845668,0,,,,
Friedel-CraftsAlkylation,2,no_rgnn_temperature,899,0.37486095661846497,0.1935483870967742,0.3003337041156841,0.3192436040044494,0.3381535038932147,0.24939828044398943,0.26495404113537774,318,12.81902772893082,0.34276729559748426,0.5849056603773585,0.779874213836478
