,,route10,route10,route10,cover,cover,cover,sys1,sys1,sys1,sys3,sys3,sys3,sys5,sys5,sys5,sys10,sys10,sys10,mrr,mrr,mrr,ndcg10,ndcg10,ndcg10,temp_mae,temp_mae,temp_mae,temp_within_5c,temp_within_5c,temp_within_5c,temp_within_10c,temp_within_10c,temp_within_10c,temp_within_20c,temp_within_20c,temp_within_20c,temp_n,temp_n,temp_n
,,mean,std,count,mean,std,count,mean,std,count,mean,std,count,mean,std,count,mean,std,count,mean,std,count,mean,std,count,mean,std,count,mean,std,count,mean,std,count,mean,std,count,mean,std,count
family,model,,,,,,,,,,,,,,,,,,,,,,,,,,,,,,,,,,,,,,,
Beckmann,ProSys,0.6893617021276596,0.0,3,0.4156028368794326,0.0024568096561260705,3,0.12340425531914893,0.041036811748906186,3,0.18014184397163122,0.03193852552963888,3,0.21702127659574466,0.03323510500385809,3,0.26382978723404255,0.029481715873512792,3,0.16906333658249428,0.035185645294577836,3,0.17961434837578324,0.03430013083587866,3,12.58322817750377,1.650496346554031,3,0.3646304675716441,0.08677534884116736,3,0.5723227752639518,0.02449332315146176,3,0.8014328808446455,0.026448663749193874,3,67.0,1.7320508075688772,3
Beckmann,Without_LTR,0.6893617021276596,0.0,3,0.4156028368794326,0.0024568096561260705,3,0.12907801418439716,0.010708985014568446,3,0.1914893617021277,0.01534277138495314,3,0.21134751773049643,0.006500107368731677,3,0.24113475177304966,0.0024568096561260705,3,0.17149700316992963,0.008543461115417062,3,0.17858693804644057,0.00524581925384726,3,,,0,,,0,,,0,,,0,0.0,0.0,3
Beckmann,Without_RGNN_temperature,0.6893617021276596,0.0,3,0.4156028368794326,0.0024568096561260705,3,0.12340425531914893,0.041036811748906186,3,0.18014184397163122,0.03193852552963888,3,0.21702127659574466,0.03323510500385809,3,0.26382978723404255,0.029481715873512792,3,0.16906333658249428,0.035185645294577836,3,0.17961434837578324,0.03430013083587866,3,13.750514736598793,1.7096672040857992,3,0.30935143288084466,0.051857026440787664,3,0.5134992458521871,0.06541957344664913,3,0.7867269984917044,0.038141691991712925,3,67.0,1.7320508075688772,3
Beckmann,B1_ProductNB,0.6893617021276596,,1,0.13617021276595745,,1,0.01702127659574468,,1,0.05531914893617021,,1,0.05531914893617021,,1,0.08936170212765958,,1,0.04128469368784681,,1,0.047391237117098146,,1,,,0,,,0,,,0,,,0,0.0,,1
Beckmann,B2_ProductGNN,0.6893617021276596,0.0,3,0.1943262411347518,0.020109853728734507,3,0.02269503546099291,0.00650010736873169,3,0.03687943262411347,0.00650010736873169,3,0.05390070921985816,0.00982723862450427,3,0.09929078014184396,0.00885815318921758,3,0.04182211553095708,0.006919343210838295,3,0.049188236219435987,0.00662769711400214,3,,,0,,,0,,,0,,,0,0.0,0.0,3
Beckmann,B3_SequentialFNN,0.6893617021276596,0.0,3,0.32340425531914896,0.008510638297872311,3,0.11914893617021276,0.008510638297872339,3,0.1673758865248227,0.0024568096561260705,3,0.1872340425531915,0.018548506142726264,3,0.20709219858156028,0.01771630637843517,3,0.15270937645405386,0.0052927724020760455,3,0.15682765391762354,0.007047687447534343,3,18.647270489784233,0.595882922203315,3,0.3653628117913832,0.02846205851197207,3,0.5003023431594861,0.010660812303268475,3,0.6681878306878307,0.03992797775043757,3,47.333333333333336,2.0816659994661326,3
Beckmann,B4_ReactionGCNN,0.6893617021276596,0.0,3,0.28085106382978725,0.02369261430991497,3,0.02553191489361702,0.00425531914893617,3,0.06099290780141844,0.00982723862450428,3,0.09645390070921984,0.02702490621738673,3,0.14326241134751772,0.021417970029136875,3,0.05912865114893173,0.003791787122426527,3,0.07165717045878293,0.00958806453570655,3,,,0,,,0,,,0,,,0,0.0,0.0,3
Beckmann,Without_KNN,0.6893617021276596,0.0,3,0.3276595744680851,0.023692614309914973,3,0.07801418439716312,0.01300021473746338,3,0.14184397163120568,0.02564984584400726,3,0.1673758865248227,0.017197667592882465,3,0.2028368794326241,0.03439533518576495,3,0.12278974210210264,0.018643730802210476,3,0.13371066402339535,0.02026763282283784,3,,,0,,,0,,,0,,,0,0.0,0.0,3
Beckmann,Without_ReaFNN,0.6893617021276596,0.0,3,0.40425531914893614,0.0,3,0.10638297872340426,0.059116782933828965,3,0.15602836879432624,0.06678727584109818,3,0.17588652482269504,0.06839468624817698,3,0.2226950354609929,0.034657565171264164,3,0.1442741321445032,0.058544366727199586,3,0.15065807700480685,0.05038673638196742,3,,,0,,,0,,,0,,,0,0.0,0.0,3
Buchwald-HartwigCross-Coupling,ProSys,0.6032757051865332,0.0,3,0.5198665453442524,0.003788291172822802,3,0.3102820746132848,0.0009099181073703375,3,0.40248710949347893,0.003677390249615446,3,0.427054898392478,0.002924977482861081,3,0.45859872611464964,0.005534815769152156,3,0.36427531901364546,0.0013567053834723326,3,0.3771479999336392,0.0019050985782621745,3,12.01792595417549,0.48320451149733434,3,0.35155267326573886,0.014739279123695017,3,0.5608515280643062,0.006858037429718691,3,0.8186942513747146,0.013005811336438324,3,487.3333333333333,4.163331998932273,3
Buchwald-HartwigCross-Coupling,Without_LTR,0.6032757051865332,0.0,3,0.5198665453442524,0.003788291172822802,3,0.2502274795268426,0.003966241076925119,3,0.3084622383985441,0.003966241076925112,3,0.32423415225963,0.0034448943559601242,3,0.3372763117986048,0.0034448943559600995,3,0.28761903659934757,0.0019531461043886546,3,0.2933287558725253,0.00043914238078971666,3,,,0,,,0,,,0,,,0,0.0,0.0,3
Buchwald-HartwigCross-Coupling,Without_RGNN_temperature,0.6032757051865332,0.0,3,0.5198665453442524,0.003788291172822802,3,0.3102820746132848,0.0009099181073703375,3,0.40248710949347893,0.003677390249615446,3,0.427054898392478,0.002924977482861081,3,0.45859872611464964,0.005534815769152156,3,0.36427531901364546,0.0013567053834723326,3,0.3771479999336392,0.0019050985782621745,3,12.420626843399297,0.7131295772655002,3,0.35351814108897134,0.021051293784750676,3,0.5594262130765375,0.02105094311280547,3,0.8173420720024973,0.010203035653179213,3,487.3333333333333,4.163331998932273,3
Buchwald-HartwigCross-Coupling,B1_ProductNB,0.6032757051865332,,1,0.31028207461328483,,1,0.0718835304822566,,1,0.12465878070973613,,1,0.1510464058234759,,1,0.19472247497725206,,1,0.11210859873622912,,1,0.1275581554627593,,1,,,0,,,0,,,0,,,0,0.0,,1
Buchwald-HartwigCross-Coupling,B2_ProductGNN,0.6032757051865332,0.0,3,0.2575068243858053,0.01685191917875537,3,0.016075219896875947,0.0034448943559601294,3,0.040643008795875034,0.00420273171384623,3,0.07097361237488627,0.0031520487853846815,3,0.12799514710342735,0.005253414642307791,3,0.046310344570046826,0.003565806249914164,3,0.05921639908568357,0.0038109720211415795,3,,,0,,,0,,,0,,,0,0.0,0.0,3
Buchwald-HartwigCross-Coupling,B3_SequentialFNN,0.6032757051865332,0.0,3,0.3181680315438277,0.013506487156938031,3,0.05429178040643009,0.008454570739924996,3,0.10555050045495906,0.004728073178077003,3,0.13406126781922958,0.004103048000748756,3,0.17743403093721563,0.010727776271657488,3,0.09474576994529292,0.0070140206225928516,3,0.10888975549485812,0.00684700100957048,3,8.841561998214617,0.6546865844961001,3,0.5206777082438144,0.02484452978973238,3,0.7475763343359446,0.010714572827639926,3,0.8836734590820782,0.022256734564264736,3,285.6666666666667,16.50252505931542,3
Buchwald-HartwigCross-Coupling,B4_ReactionGCNN,0.6032757051865332,0.0,3,0.2614498028510767,0.0027798457354903786,3,0.04579921140430695,0.0058499549657221464,3,0.07734303912647861,0.005459508644222016,3,0.09827115559599636,0.0009099181073703305,3,0.13315134971185927,0.0057787561065385665,3,0.07400835700104912,0.0035948830008312132,3,0.0827215029965475,0.0024287294128427805,3,,,0,,,0,,,0,,,0,0.0,0.0,3
Buchwald-HartwigCross-Coupling,Without_KNN,0.6032757051865332,0.0,3,0.42068547164088566,0.008454570739925005,3,0.15589930239611768,0.019093831647603463,3,0.23961176827418865,0.01628558539115413,3,0.278434940855323,0.010493687529272773,3,0.32423415225963,0.017884771595760466,3,0.21207545122770508,0.017222279230281107,3,0.23267695463765511,0.017503464338034718,3,,,0,,,0,,,0,,,0,0.0,0.0,3
Buchwald-HartwigCross-Coupling,Without_ReaFNN,0.6032757051865332,0.0,3,0.5095541401273885,0.0,3,0.2814680012132242,0.0013899228677452043,3,0.3673036093418259,0.0010506829284615703,3,0.402790415529269,0.001894145586411371,3,0.4328177130724901,0.0026267073211538915,3,0.3361023008050257,0.00154851474792328,3,0.347789630583833,0.0016712620940089412,3,,,0,,,0,,,0,,,0,0.0,0.0,3
Chan_LamCoupling,ProSys,0.6999999999999998,0.0,3,0.6512820512820513,0.0,3,0.2564102564102564,0.013567955441356859,3,0.4205128205128205,0.016012815380508725,3,0.4760683760683761,0.014580104366864943,3,0.535042735042735,0.007401926528072099,3,0.35347726283882636,0.008155431149771365,3,0.38290107692510467,0.005705106064269561,3,5.8779121741031135,0.21763879967698738,3,0.6601268122311686,0.02647309166166658,3,0.854540979571745,0.0027709402533097932,3,0.9482437326394993,0.00650298319163205,3,238.33333333333334,0.5773502691896278,3
Chan_LamCoupling,Without_LTR,0.6999999999999998,0.0,3,0.6512820512820513,0.0,3,0.3615384615384616,0.0076923076923077205,3,0.4581196581196581,0.00533760512683627,3,0.4854700854700855,0.005921541222457719,3,0.5094017094017094,0.0029607706112288394,3,0.4181341792591849,0.003791700638094271,3,0.4307063015381402,0.0034182201803886958,3,,,0,,,0,,,0,,,0,0.0,0.0,3
Chan_LamCoupling,Without_RGNN_temperature,0.6999999999999998,0.0,3,0.6512820512820513,0.0,3,0.2564102564102564,0.013567955441356859,3,0.4205128205128205,0.016012815380508725,3,0.4760683760683761,0.014580104366864943,3,0.535042735042735,0.007401926528072099,3,0.35347726283882636,0.008155431149771365,3,0.38290107692510467,0.005705106064269561,3,7.115224540111107,0.14686330052471686,3,0.6000082041184674,0.005497318489304013,3,0.7818290496114764,0.00793342922042149,3,0.9314663103735219,0.0025109830080897204,3,238.33333333333334,0.5773502691896278,3
Chan_LamCoupling,B1_ProductNB,0.7,,1,0.45897435897435895,,1,0.13846153846153847,,1,0.2282051282051282,,1,0.2743589743589744,,1,0.35128205128205126,,1,0.2039492504412798,,1,0.23378427612088024,,1,,,0,,,0,,,0,,,0,0.0,,1
Chan_LamCoupling,B2_ProductGNN,0.6999999999999998,0.0,3,0.523931623931624,0.026315904817676313,3,0.09829059829059829,0.01036269713930098,3,0.205982905982906,0.029718527608057616,3,0.25811965811965815,0.03601932906958203,3,0.34871794871794864,0.04126532548572073,3,0.17737668011633398,0.019479857056058654,3,0.20830073814148806,0.026156072550547204,3,,,0,,,0,,,0,,,0,0.0,0.0,3
Chan_LamCoupling,B3_SequentialFNN,0.6999999999999998,0.0,3,0.6188034188034188,0.007833462726420212,3,0.2914529914529915,0.021350420507344942,3,0.3923076923076923,0.02602279888485186,3,0.4393162393162393,0.014121975762272062,3,0.4914529914529915,0.011562178853392018,3,0.3596419879612032,0.019473740287955028,3,0.3827199473192819,0.017829421014160348,3,7.777938453525139,0.4813242614391302,3,0.6039908481276738,0.045079550215793594,3,0.7939507416547883,0.02579504100013674,3,0.9066968934636542,0.003015021852726311,3,225.0,3.605551275463989,3
Chan_LamCoupling,B4_ReactionGCNN,0.6999999999999998,0.0,3,0.4794871794871795,0.027735009811261438,3,0.1094017094017094,0.00391673136321012,3,0.19401709401709402,0.009004832267395499,3,0.23931623931623933,0.019415071267693245,3,0.32222222222222224,0.02326608134840373,3,0.17466889720515252,0.004778234417314475,3,0.19988218797055926,0.010282040140716802,3,,,0,,,0,,,0,,,0,0.0,0.0,3
Chan_LamCoupling,Without_KNN,0.6999999999999998,0.0,3,0.5957264957264957,0.003916731363210106,3,0.23162393162393166,0.03556007532087986,3,0.3700854700854701,0.01566692545284049,3,0.4247863247863248,0.0029607706112288394,3,0.4760683760683761,0.00783346272642022,3,0.3179091655778456,0.025603870031630265,3,0.34457085102435014,0.01999979182484314,3,,,0,,,0,,,0,,,0,0.0,0.0,3
Chan_LamCoupling,Without_ReaFNN,0.6999999999999998,0.0,3,0.6333333333333333,0.0,3,0.32393162393162395,0.019916547346548786,3,0.41111111111111115,0.01668309512473772,3,0.4461538461538462,0.009245003270420476,3,0.49914529914529915,0.01036269713930098,3,0.38575944215920804,0.0173534992374649,3,0.39473328204772645,0.016867400916057776,3,,,0,,,0,,,0,,,0,0.0,0.0,3
DielsAlder,ProSys,0.33727034120734906,0.0,3,0.3092738407699038,0.0007576775186215761,3,0.11854768153980753,0.01294719911369094,3,0.18591426071741032,0.009936847499213072,3,0.2077865266841645,0.00984980774208024,3,0.24278215223097113,0.011212603340311728,3,0.16085120482217727,0.010981566733674711,3,0.173287371344816,0.011292374215427255,3,16.70305615173042,0.4586578478236401,3,0.28051001821493626,0.008347132413398605,3,0.4553734061930783,0.011375224040798554,3,0.7176684881602915,0.02208443652637914,3,183.0,0.0,3
DielsAlder,Without_LTR,0.33727034120734906,0.0,3,0.3092738407699038,0.0007576775186215761,3,0.09536307961504813,0.011161286808550372,3,0.13035870516185477,0.004608772420320532,3,0.1377952755905512,0.0,3,0.15179352580927385,0.002004626288257134,3,0.11880257781981311,0.007073176489848581,3,0.12191823844489831,0.005888391185363306,3,,,0,,,0,,,0,,,0,0.0,0.0,3
DielsAlder,Without_RGNN_temperature,0.33727034120734906,0.0,3,0.3092738407699038,0.0007576775186215761,3,0.11854768153980753,0.01294719911369094,3,0.18591426071741032,0.009936847499213072,3,0.2077865266841645,0.00984980774208024,3,0.24278215223097113,0.011212603340311728,3,0.16085120482217727,0.010981566733674711,3,0.173287371344816,0.011292374215427255,3,22.81208453803279,0.5914481035776346,3,0.15664845173041894,0.030096013919596182,3,0.3224043715846994,0.01892951702261067,3,0.5664845173041894,0.02464070903181908,3,183.0,0.0,3
DielsAlder,B1_ProductNB,0.33727034120734906,,1,0.18635170603674542,,1,0.04068241469816273,,1,0.07217847769028872,,1,0.08661417322834647,,1,0.11286089238845146,,1,0.06411693947151802,,1,0.07251129803971022,,1,,,0,,,0,,,0,,,0,0.0,,1
DielsAlder,B2_ProductGNN,0.33727034120734906,0.0,3,0.24759405074365703,0.007689586977798299,3,0.03412073490813648,0.005249343832020996,3,0.08398950131233596,0.005720339820919521,3,0.10498687664041995,0.005720339820919519,3,0.1342957130358705,0.004968423749606546,3,0.0693725453508331,0.0043317756380103125,3,0.07966099178250481,0.004664530929164448,3,,,0,,,0,,,0,,,0,0.0,0.0,3
DielsAlder,B3_SequentialFNN,0.33727034120734906,0.0,3,0.28127734033245844,0.0062018577772344,3,0.09448818897637797,0.0034721145814495986,3,0.1347331583552056,0.005917650594255763,3,0.15398075240594924,0.004009252576514289,3,0.17935258092738407,0.005917650594255756,3,0.12396727687045588,0.0005496906086919397,3,0.13290544854899417,0.0015749377814848256,3,17.842106507805365,0.04988627660029378,3,0.3724702915655602,0.043360040295688004,3,0.5508233541991415,0.023178658179219828,3,0.70724568940313,0.023557199115982447,3,166.33333333333334,3.055050463303897,3
DielsAlder,B4_ReactionGCNN,0.33727034120734906,0.0,3,0.24671916010498687,0.0057203398209195065,3,0.03193350831146107,0.0027318451436563417,3,0.062117235345581806,0.006201857777234394,3,0.07830271216097988,0.009673378997154848,3,0.10673665791776028,0.00647359955684547,3,0.05613917993847334,0.003576172397042635,3,0.0635270006798991,0.004497841923308259,3,,,0,,,0,,,0,,,0,0.0,0.0,3
DielsAlder,Without_KNN,0.33727034120734906,0.0,3,0.21084864391951005,0.007462258140521424,3,0.09055118110236221,0.01490527124881962,3,0.1496062992125984,0.012027757729542893,3,0.1714785651793526,0.00421856988669859,3,0.19203849518810148,0.004218569886698578,3,0.12537234424486352,0.011891643646937325,3,0.1395243182614506,0.010174958618111199,3,,,0,,,0,,,0,,,0,0.0,0.0,3
DielsAlder,Without_ReaFNN,0.33727034120734906,0.0,3,0.30971128608923887,0.0,3,0.1010498687664042,0.0034721145814495926,3,0.17497812773403323,0.005917650594255777,3,0.19641294838145232,0.0042185698866985775,3,0.220909886264217,0.009673378997154836,3,0.14469526354820364,0.00469788328200793,3,0.1542615370326392,0.006624310904215664,3,,,0,,,0,,,0,,,0,0.0,0.0,3
Friedel-CraftsAcylation,ProSys,0.6189473684210526,0.0,3,0.5817543859649122,0.0024309485018510456,3,0.19578947368421054,0.013147364207154517,3,0.3129824561403509,0.021296829341043516,3,0.36280701754385963,0.015229848711726774,3,0.44140350877192985,0.021087690107111163,3,0.276306583990224,0.014963792173153289,3,0.2960248467836408,0.018546188323716656,3,10.081158838355543,0.07147071137105544,3,0.41340552957584703,0.008487992226681474,3,0.6676101402904258,0.007953447517625665,3,0.8645148435943414,0.006718356365844751,3,238.66666666666666,0.5773502691896278,3
Friedel-CraftsAcylation,Without_LTR,0.6189473684210526,0.0,3,0.5817543859649122,0.0024309485018510456,3,0.2343859649122807,0.009949085528952862,3,0.3256140350877193,0.006077371254627658,3,0.35017543859649125,0.003215842592951473,3,0.3663157894736842,0.0036464227527765567,3,0.29012807848964967,0.006547923138882253,3,0.30175422171384975,0.007398802891294611,3,,,0,,,0,,,0,,,0,0.0,0.0,3
Friedel-CraftsAcylation,Without_RGNN_temperature,0.6189473684210526,0.0,3,0.5817543859649122,0.0024309485018510456,3,0.19578947368421054,0.013147364207154517,3,0.3129824561403509,0.021296829341043516,3,0.36280701754385963,0.015229848711726774,3,0.44140350877192985,0.021087690107111163,3,0.276306583990224,0.014963792173153289,3,0.2960248467836408,0.018546188323716656,3,12.274795428493045,0.4407016266768023,3,0.34085182190030827,0.044466388896134204,3,0.6117576737808094,0.023165491904480282,3,0.8142470377272248,0.014664123816296365,3,238.66666666666666,0.5773502691896278,3
Friedel-CraftsAcylation,B1_ProductNB,0.6189473684210526,,1,0.4336842105263158,,1,0.17894736842105263,,1,0.25263157894736843,,1,0.2905263157894737,,1,0.33473684210526317,,1,0.22949712579106665,,1,0.24226900528600984,,1,,,0,,,0,,,0,,,0,0.0,,1
Friedel-CraftsAcylation,B2_ProductGNN,0.6189473684210526,0.0,3,0.4407017543859649,0.01635253361085058,3,0.07578947368421053,0.00421052631578947,3,0.12912280701754386,0.012689923733350967,3,0.176140350877193,0.016079212964757332,3,0.24842105263157896,0.009647527778854425,3,0.12628271185067103,0.006599361027545619,3,0.14395513611535568,0.008272517627758212,3,,,0,,,0,,,0,,,0,0.0,0.0,3
Friedel-CraftsAcylation,B3_SequentialFNN,0.6189473684210526,0.0,3,0.5157894736842105,0.004210526315789512,3,0.15649122807017543,0.02119251771304071,3,0.25473684210526315,0.017987376305931634,3,0.28421052631578947,0.0222800110405439,3,0.3319298245614035,0.022113615798721054,3,0.22124419380300875,0.01991997702968459,3,0.23789633144110553,0.020423426788340974,3,12.407802641008383,0.19366863700396042,3,0.4317604352177858,0.010277220240129345,3,0.6231913398814344,0.010380852385899765,3,0.8068711325574004,0.009276080230650293,3,212.33333333333334,1.5275252316519499,3
Friedel-CraftsAcylation,B4_ReactionGCNN,0.6189473684210526,0.0,3,0.45543859649122803,0.022510898150660267,3,0.05824561403508772,0.008508319756478698,3,0.13614035087719298,0.0024309485018510456,3,0.17614035087719296,0.006431685185902937,3,0.25122807017543863,0.007393441230072086,3,0.11874041643219996,0.005039676518116808,3,0.14174916621119607,0.004343569067556259,3,,,0,,,0,,,0,,,0,0.0,0.0,3
Friedel-CraftsAcylation,Without_KNN,0.6189473684210526,0.0,3,0.519298245614035,0.012689923733350966,3,0.1768421052631579,0.017232321624994624,3,0.2575438596491228,0.00243094850185109,3,0.29754385964912283,0.005298129428260196,3,0.36771929824561406,0.003215842592951458,3,0.2383391554957197,0.009074244679190968,3,0.2532326836638657,0.005372612950354747,3,,,0,,,0,,,0,,,0,0.0,0.0,3
Friedel-CraftsAcylation,Without_ReaFNN,0.6189473684210526,0.0,3,0.5789473684210527,0.0,3,0.16631578947368422,0.03670651741928989,3,0.25754385964912285,0.04861897003702115,3,0.296140350877193,0.05093402754140084,3,0.37543859649122807,0.06110100926607789,3,0.23395066610620555,0.04191756566803564,3,0.24708900049797408,0.048596600438127864,3,,,0,,,0,,,0,,,0,0.0,0.0,3
Friedel-CraftsAlkylation,ProSys,0.4026696329254727,0.0,3,0.3767148683722655,0.0016991381887118294,3,0.1839080459770115,0.015744066552141004,3,0.2825361512791991,0.015413132881591792,3,0.3088616981831665,0.009590298224974087,3,0.3303670745272525,0.006766142970298319,3,0.2398534650330191,0.010965134221658,3,0.25533306175335463,0.010535128630678582,3,10.63097255601533,0.9122503966895029,3,0.40583537445911233,0.008408710895964107,3,0.6254936092592207,0.024321480454961943,3,0.8398585468498757,0.027374298079579463,3,320.3333333333333,2.0816659994661246,3
Friedel-CraftsAlkylation,Without_LTR,0.4026696329254727,0.0,3,0.3767148683722655,0.0016991381887118294,3,0.14275120504263997,0.00651775892890136,3,0.1768631813125695,0.003337041156840935,3,0.1831664812754913,0.0016991381887118326,3,0.1883574341861327,0.0027993453597592688,3,0.1661752855449896,0.0031938079432395523,3,0.1666243619121864,0.0016978934616680536,3,,,0,,,0,,,0,,,0,0.0,0.0,3
Friedel-CraftsAlkylation,Without_RGNN_temperature,0.4026696329254727,0.0,3,0.3767148683722655,0.0016991381887118294,3,0.1839080459770115,0.015744066552141004,3,0.2825361512791991,0.015413132881591792,3,0.3088616981831665,0.009590298224974087,3,0.3303670745272525,0.006766142970298319,3,0.2398534650330191,0.010965134221658,3,0.25533306175335463,0.010535128630678582,3,13.386504819752739,0.5736900986990743,3,0.3216079191177517,0.020348672474641186,3,0.5485253086818641,0.03198112130224041,3,0.7763051491862453,0.017039328276559657,3,320.3333333333333,2.0816659994661246,3
Friedel-CraftsAlkylation,B1_ProductNB,0.40266963292547275,,1,0.14349276974416017,,1,0.02558398220244716,,1,0.05005561735261401,,1,0.06340378197997776,,1,0.08342602892102337,,1,0.04497433873934576,,1,0.05184092021324573,,1,,,0,,,0,,,0,,,0,0.0,,1
Friedel-CraftsAlkylation,B2_ProductGNN,0.4026696329254727,0.0,3,0.3159065628476085,0.009104953027666804,3,0.05635891731553578,0.00449549709046427,3,0.10975157582499073,0.006325073084624389,3,0.13681868743047831,0.009104953027666797,3,0.17204301075268816,0.00421127797241399,3,0.09570255684617135,0.0033150200930396213,3,0.10703681484326354,0.003390262640743296,3,,,0,,,0,,,0,,,0,0.0,0.0,3
Friedel-CraftsAlkylation,B3_SequentialFNN,0.4026696329254727,0.0,3,0.3481646273637375,0.0011123470522803047,3,0.11234705228031146,0.0029429936719294627,3,0.15202076381164256,0.0033982763774236925,3,0.1668520578420467,0.0040106243331078885,3,0.18205413422321096,0.001699138188711853,3,0.14002110740674747,0.0025071329902217193,3,0.14547874971470676,0.002089389760165846,3,8.144144527817895,0.47670227297314943,3,0.5842498995225598,0.011571266768040595,3,0.7527719900048565,0.008555020087094157,3,0.8854687534311706,0.016670217351578455,3,296.6666666666667,2.0816659994661246,3
Friedel-CraftsAlkylation,B4_ReactionGCNN,0.4026696329254727,0.0,3,0.2625139043381535,0.024140750182659293,3,0.04783092324805339,0.009633208050994865,3,0.07452725250278087,0.009104953027666802,3,0.08898776418242492,0.011719303395831744,3,0.11383018168335186,0.011416243469292292,3,0.07050148471403168,0.009870770818791598,3,0.0765754259566167,0.009862750838046244,3,,,0,,,0,,,0,,,0,0.0,0.0,3
Friedel-CraftsAlkylation,Without_KNN,0.4026696329254727,0.0,3,0.3522432332220986,0.0016991381887118628,3,0.1675936225435669,0.008495690943559217,3,0.25398591027067113,0.005015850670548245,3,0.28735632183908044,0.009969840311270866,3,0.31590656284760843,0.001926641610198946,3,0.21988646199877068,0.007537267225951213,3,0.23735966719305027,0.007520532446280197,3,,,0,,,0,,,0,,,0,0.0,0.0,3
Friedel-CraftsAlkylation,Without_ReaFNN,0.4026696329254727,0.0,3,0.37374860956618466,0.0,3,0.11420096403411197,0.008921920219144211,3,0.21802002224694103,0.018513144579636532,3,0.25361512791991103,0.016461233133424652,3,0.2984797923618836,0.009969840311270807,3,0.17787289317787688,0.012180468830561836,3,0.19918381671412136,0.01210345603826772,3,,,0,,,0,,,0,,,0,0.0,0.0,3
