family,seed,n_queries,cover,sys1,sys3,sys5,sys10,mrr,ndcg10,temp_n,temp_mae,temp_within_5c,temp_within_10c,temp_within_20c,model,route10
Beckmann,0,235,0.41702127659574467,0.1702127659574468,0.21702127659574466,0.2553191489361702,0.2978723404255319,0.2093829990598752,0.21914721752484553,65,10.688845136923076,0.46153846153846156,0.5846153846153846,0.8307692307692308,ProSys,0.6893617021276596
Beckmann,0,235,0.41702127659574467,0.1276595744680851,0.20425531914893616,0.21702127659574466,0.24255319148936172,0.17439293307719625,0.18152419558118418,0,,,,,Without_LTR,0.6893617021276596
Beckmann,0,235,0.41702127659574467,0.1702127659574468,0.21702127659574466,0.2553191489361702,0.2978723404255319,0.2093829990598752,0.21914721752484553,65,11.779149375384616,0.36923076923076925,0.5846153846153846,0.8307692307692308,Without_RGNN_temperature,0.6893617021276596
Beckmann,1,235,0.4127659574468085,0.10638297872340424,0.16170212765957445,0.2,0.24680851063829784,0.1532363159879941,0.1619367335614837,68,13.349801698529413,0.3382352941176471,0.5882352941176471,0.7941176470588235,ProSys,0.6893617021276596
Beckmann,1,235,0.4127659574468085,0.11914893617021277,0.17446808510638298,0.20425531914893616,0.24255319148936172,0.1618819750777016,0.17253049844219043,0,,,,,Without_LTR,0.6893617021276596
Beckmann,1,235,0.4127659574468085,0.10638297872340424,0.16170212765957445,0.2,0.24680851063829784,0.1532363159879941,0.1619367335614837,68,14.64536290735294,0.27941176470588236,0.5,0.7647058823529411,Without_RGNN_temperature,0.6893617021276596
Beckmann,2,235,0.41702127659574467,0.09361702127659574,0.16170212765957445,0.19574468085106383,0.24680851063829784,0.14457069469961353,0.15775909404102048,68,13.711037697058824,0.29411764705882354,0.5441176470588235,0.7794117647058824,ProSys,0.6893617021276596
Beckmann,2,235,0.41702127659574467,0.14042553191489363,0.19574468085106383,0.21276595744680848,0.23829787234042554,0.17821610135489102,0.18170612011594717,0,,,,,Without_LTR,0.6893617021276596
Beckmann,2,235,0.41702127659574467,0.09361702127659574,0.16170212765957445,0.19574468085106383,0.24680851063829784,0.14457069469961353,0.15775909404102048,68,14.827031927058826,0.27941176470588236,0.45588235294117646,0.7647058823529411,Without_RGNN_temperature,0.6893617021276596
Beckmann,0,235,0.13617021276595745,0.01702127659574468,0.05531914893617021,0.05531914893617021,0.08936170212765958,0.04128469368784681,0.047391237117098146,0,,,,,B1_ProductNB,0.6893617021276596
Beckmann,0,235,0.2170212765957447,0.029787234042553193,0.0425531914893617,0.059574468085106386,0.10638297872340424,0.049591834746858895,0.05658759981077228,0,,,,,B2_ProductGNN,0.6893617021276596
Beckmann,0,235,0.3148936170212766,0.1276595744680851,0.16595744680851063,0.20851063829787234,0.22127659574468084,0.15849856749073205,0.1642400725943363,45,19.226065360175237,0.3333333333333333,0.5111111111111111,0.6444444444444445,B3_SequentialFNN,0.6893617021276596
Beckmann,0,235,0.3021276595744681,0.02127659574468085,0.0723404255319149,0.1276595744680851,0.16595744680851063,0.0628028451165781,0.08244369584167413,0,,,,,B4_ReactionGCNN,0.6893617021276596
Beckmann,1,235,0.17872340425531916,0.02127659574468085,0.03829787234042553,0.059574468085106386,0.08936170212765958,0.03954998899109543,0.0437963863271068,0,,,,,B2_ProductGNN,0.6893617021276596
Beckmann,1,235,0.33191489361702126,0.11063829787234042,0.16595744680851063,0.17872340425531916,0.21276595744680848,0.1481184937973412,0.15603038517319015,49,18.035655999670222,0.3877551020408163,0.4897959183673469,0.7142857142857143,B3_SequentialFNN,0.6893617021276596
Beckmann,1,235,0.2851063829787234,0.029787234042553193,0.05531914893617021,0.08085106382978723,0.14042553191489363,0.059353803810006774,0.06842472570600233,0,,,,,B4_ReactionGCNN,0.6893617021276596
Beckmann,2,235,0.18723404255319148,0.01702127659574468,0.029787234042553193,0.0425531914893617,0.10212765957446808,0.03632452285491691,0.04718072252042887,0,,,,,B2_ProductGNN,0.6893617021276596
Beckmann,2,235,0.32340425531914896,0.11914893617021277,0.1702127659574468,0.17446808510638298,0.18723404255319148,0.15151106807408832,0.15021250398534416,48,18.680090109507244,0.375,0.5,0.6458333333333334,B3_SequentialFNN,0.6893617021276596
Beckmann,2,235,0.2553191489361702,0.02553191489361702,0.05531914893617021,0.08085106382978723,0.12340425531914892,0.055229304520210305,0.06410308982867231,0,,,,,B4_ReactionGCNN,0.6893617021276596
Beckmann,0,235,0.35319148936170214,0.08936170212765958,0.16595744680851063,0.1829787234042553,0.23404255319148937,0.13885318887094295,0.15179643198394835,0,,,,,Without_KNN,0.6893617021276596
Beckmann,1,235,0.30638297872340425,0.06382978723404255,0.1148936170212766,0.14893617021276595,0.16595744680851063,0.10234580873501754,0.11180482205519283,0,,,,,Without_KNN,0.6893617021276596
Beckmann,2,235,0.32340425531914896,0.08085106382978723,0.1446808510638298,0.1702127659574468,0.20851063829787234,0.12717022870034742,0.13753073803104485,0,,,,,Without_KNN,0.6893617021276596
Beckmann,0,235,0.40425531914893614,0.13617021276595745,0.17872340425531916,0.20425531914893616,0.23829787234042554,0.17179066227799936,0.1742357006846679,0,,,,,Without_ReaFNN,0.6893617021276596
Beckmann,1,235,0.40425531914893614,0.1446808510638298,0.20851063829787234,0.225531914893617,0.24680851063829784,0.1839908453624457,0.18493329613736095,0,,,,,Without_ReaFNN,0.6893617021276596
Beckmann,2,235,0.40425531914893614,0.03829787234042553,0.08085106382978723,0.09787234042553192,0.1829787234042553,0.07704088879306449,0.09280523419239176,0,,,,,Without_ReaFNN,0.6893617021276596
Buchwald-HartwigCross-Coupling,0,1099,0.5168334849863512,0.3111919927206551,0.39854413102820746,0.4249317561419472,0.45586897179253866,0.3628851104839667,0.3760149374774288,484,12.524909026859502,0.3367768595041322,0.5619834710743802,0.8037190082644629,ProSys,0.6032757051865332
Buchwald-HartwigCross-Coupling,0,1099,0.5168334849863512,0.25477707006369427,0.31028207461328483,0.3202911737943585,0.3348498635122839,0.28967035134426,0.2931935980756029,0,,,,,Without_LTR,0.6032757051865332
Buchwald-HartwigCross-Coupling,0,1099,0.5168334849863512,0.3111919927206551,0.39854413102820746,0.4249317561419472,0.45586897179253866,0.3628851104839667,0.3760149374774288,484,13.187621167355372,0.3305785123966942,0.5351239669421488,0.8057851239669421,Without_RGNN_temperature,0.6032757051865332
Buchwald-HartwigCross-Coupling,1,1099,0.5186533212010919,0.31028207461328483,0.4030937215650591,0.43039126478616924,0.4549590536851683,0.364345011669583,0.37608158055145585,486,11.966208358024693,0.3662551440329218,0.5534979423868313,0.8271604938271605,ProSys,0.6032757051865332
Buchwald-HartwigCross-Coupling,1,1099,0.5186533212010919,0.24749772520473157,0.3111919927206551,0.32666060054595086,0.3357597816196542,0.28740508149254484,0.2929730791649351,0,,,,,Without_LTR,0.6032757051865332
Buchwald-HartwigCross-Coupling,1,1099,0.5186533212010919,0.31028207461328483,0.4030937215650591,0.43039126478616924,0.4549590536851683,0.364345011669583,0.37608158055145585,486,12.296636086419754,0.35802469135802467,0.5720164609053497,0.8251028806584362,Without_RGNN_temperature,0.6032757051865332
Buchwald-HartwigCross-Coupling,2,1099,0.5241128298453139,0.30937215650591443,0.40582347588717016,0.4258416742493175,0.46496815286624205,0.3655958348873867,0.3793474817720328,492,11.562660477642275,0.3516260162601626,0.5670731707317073,0.8252032520325203,ProSys,0.6032757051865332
Buchwald-HartwigCross-Coupling,2,1099,0.5241128298453139,0.24840764331210188,0.3039126478616924,0.3257506824385805,0.3412192902638762,0.28578167696123774,0.293819590377038,0,,,,,Without_LTR,0.6032757051865332
Buchwald-HartwigCross-Coupling,2,1099,0.5241128298453139,0.30937215650591443,0.40582347588717016,0.4258416742493175,0.46496815286624205,0.3655958348873867,0.3793474817720328,492,11.777623276422764,0.3719512195121951,0.5711382113821138,0.8211382113821138,Without_RGNN_temperature,0.6032757051865332
Buchwald-HartwigCross-Coupling,0,1099,0.31028207461328483,0.0718835304822566,0.12465878070973613,0.1510464058234759,0.19472247497725206,0.11210859873622912,0.1275581554627593,0,,,,,B1_ProductNB,0.6032757051865332
Buchwald-HartwigCross-Coupling,0,1099,0.27661510464058237,0.020018198362147407,0.03821656050955414,0.07279344858962694,0.13102820746132848,0.049941921757660185,0.06175483581811943,0,,,,,B2_ProductGNN,0.6032757051865332
Buchwald-HartwigCross-Coupling,0,1099,0.3330300272975432,0.06369426751592357,0.11101000909918107,0.13830755232029115,0.186533212010919,0.10282887667379514,0.11657392378495028,304,8.1213265406458,0.5493421052631579,0.7598684210526315,0.9046052631578947,B3_SequentialFNN,0.6032757051865332
Buchwald-HartwigCross-Coupling,0,1099,0.2584167424931756,0.05004549590536852,0.07734303912647861,0.09918107370336669,0.1364877161055505,0.07674629113856028,0.08546716152750636,0,,,,,B4_ReactionGCNN,0.6032757051865332
Buchwald-HartwigCross-Coupling,1,1099,0.24476797088262056,0.013648771610555048,0.03821656050955414,0.0673339399454049,0.12192902638762511,0.04281416627151936,0.05483418184980808,0,,,,,B2_ProductGNN,0.6032757051865332
Buchwald-HartwigCross-Coupling,1,1099,0.30664240218380345,0.047315741583257506,0.10282074613284804,0.1337579617834395,0.18016378525932666,0.09026373445213169,0.10665906549533187,272,9.002782295731937,0.5073529411764706,0.7426470588235294,0.8602941176470589,B3_SequentialFNN,0.6032757051865332
Buchwald-HartwigCross-Coupling,1,1099,0.26205641492265697,0.048225659690627844,0.08280254777070063,0.09736123748862603,0.1264786169244768,0.07534142088764052,0.08184339181678682,0,,,,,B4_ReactionGCNN,0.6032757051865332
Buchwald-HartwigCross-Coupling,2,1099,0.25113739763421294,0.014558689717925385,0.04549590536851683,0.07279344858962694,0.13102820746132848,0.04617494568096095,0.06106017958912318,0,,,,,B2_ProductGNN,0.6032757051865332
Buchwald-HartwigCross-Coupling,2,1099,0.3148316651501365,0.05186533212010919,0.10282074613284804,0.13011828935395814,0.16560509554140126,0.0911446987099519,0.10343627720429217,281,9.400577158266115,0.505338078291815,0.7402135231316725,0.8861209964412812,B3_SequentialFNN,0.6032757051865332
Buchwald-HartwigCross-Coupling,2,1099,0.26387625113739765,0.039126478616924476,0.0718835304822566,0.09827115559599636,0.1364877161055505,0.06993735897694651,0.08085395564534929,0,,,,,B4_ReactionGCNN,0.6032757051865332
Buchwald-HartwigCross-Coupling,0,1099,0.41128298453139217,0.14103730664240216,0.23020928116469516,0.27024567788899,0.3130118289353958,0.19912758570053354,0.2199731300890951,0,,,,,Without_KNN,0.6032757051865332
Buchwald-HartwigCross-Coupling,1,1099,0.42766151046405826,0.17743403093721566,0.2584167424931756,0.29026387625113736,0.3448589626933576,0.23162116602755065,0.2526424959362771,0,,,,,Without_KNN,0.6032757051865332
Buchwald-HartwigCross-Coupling,2,1099,0.42311191992720654,0.1492265696087352,0.23020928116469516,0.2747952684258416,0.3148316651501365,0.20547760195503106,0.22541523788759307,0,,,,,Without_KNN,0.6032757051865332
Buchwald-HartwigCross-Coupling,0,1099,0.5095541401273885,0.2829845313921747,0.3666969972702457,0.40491355777979976,0.43585077343039125,0.3378898298787359,0.34970896496352794,0,,,,,Without_ReaFNN,0.6032757051865332
Buchwald-HartwigCross-Coupling,1,1099,0.5095541401273885,0.2802547770700637,0.3685168334849864,0.40127388535031844,0.4313011828935395,0.33524665165241896,0.347003841630294,0,,,,,Without_ReaFNN,0.6032757051865332
Buchwald-HartwigCross-Coupling,2,1099,0.5095541401273885,0.28116469517743403,0.3666969972702457,0.4021838034576888,0.4313011828935395,0.33517042088392224,0.3466560851576769,0,,,,,Without_ReaFNN,0.6032757051865332
Chan_LamCoupling,0,390,0.6512820512820513,0.2512820512820513,0.4025641025641026,0.4641025641025641,0.5435897435897435,0.3457700929951523,0.37911923249303847,238,6.126568015966387,0.6302521008403361,0.8529411764705882,0.9411764705882353,ProSys,0.7
Chan_LamCoupling,0,390,0.6512820512820513,0.36923076923076925,0.4641025641025641,0.48205128205128206,0.5076923076923077,0.42246853836975073,0.43457996902273405,0,,,,,Without_LTR,0.7
Chan_LamCoupling,0,390,0.6512820512820513,0.2512820512820513,0.4025641025641026,0.4641025641025641,0.5435897435897435,0.3457700929951523,0.37911923249303847,238,6.950175574789917,0.6050420168067226,0.7899159663865546,0.9327731092436975,Without_RGNN_temperature,0.7
Chan_LamCoupling,1,390,0.6512820512820513,0.2717948717948718,0.4256410256410256,0.4717948717948718,0.5307692307692308,0.36201707299951313,0.38946334527724275,239,5.7851175903765695,0.6694560669456067,0.8577405857740585,0.9539748953974896,ProSys,0.7
Chan_LamCoupling,1,390,0.6512820512820513,0.36153846153846153,0.45384615384615384,0.48205128205128206,0.5076923076923077,0.4165027160975431,0.4281135300200469,0,,,,,Without_LTR,0.7
Chan_LamCoupling,1,390,0.6512820512820513,0.2717948717948718,0.4256410256410256,0.4717948717948718,0.5307692307692308,0.36201707299951313,0.38946334527724275,239,7.231482660669455,0.5941422594142259,0.7740585774058577,0.9330543933054394,Without_RGNN_temperature,0.7
Chan_LamCoupling,2,390,0.6512820512820513,0.24615384615384617,0.43333333333333335,0.49230769230769234,0.5307692307692308,0.35264462252181367,0.38012065300503284,238,5.722050915966386,0.680672268907563,0.8529411764705882,0.9495798319327731,ProSys,0.7
Chan_LamCoupling,2,390,0.6512820512820513,0.35384615384615387,0.4564102564102564,0.49230769230769234,0.5128205128205128,0.4154312833102609,0.4294254055716396,0,,,,,Without_LTR,0.7
Chan_LamCoupling,2,390,0.6512820512820513,0.24615384615384617,0.43333333333333335,0.49230769230769234,0.5307692307692308,0.35264462252181367,0.38012065300503284,238,7.16401538487395,0.6008403361344538,0.7815126050420168,0.9285714285714286,Without_RGNN_temperature,0.7
Chan_LamCoupling,0,390,0.45897435897435895,0.13846153846153847,0.2282051282051282,0.2743589743589744,0.35128205128205126,0.2039492504412798,0.23378427612088024,0,,,,,B1_ProductNB,0.7
Chan_LamCoupling,0,390,0.5307692307692308,0.1076923076923077,0.22564102564102564,0.2923076923076923,0.382051282051282,0.1920719246974475,0.22872488664828405,0,,,,,B2_ProductGNN,0.7
Chan_LamCoupling,0,390,0.6205128205128205,0.3153846153846154,0.4153846153846154,0.45384615384615384,0.49230769230769234,0.3806102698380025,0.4000392848434449,226,7.369173842193806,0.6327433628318584,0.8230088495575221,0.9070796460176991,B3_SequentialFNN,0.7
Chan_LamCoupling,0,390,0.48717948717948717,0.10512820512820513,0.19487179487179487,0.23076923076923078,0.30512820512820515,0.17295438155448423,0.19406118775487355,0,,,,,B4_ReactionGCNN,0.7
Chan_LamCoupling,1,390,0.5461538461538461,0.1,0.2205128205128205,0.26153846153846155,0.36153846153846153,0.18477701263145854,0.21735731069057063,0,,,,,B2_ProductGNN,0.7
Chan_LamCoupling,1,390,0.6102564102564103,0.2743589743589744,0.3641025641025641,0.4256410256410256,0.4794871794871795,0.34212400545833527,0.3644208457682199,221,8.308444453580346,0.5520361990950227,0.7737556561085973,0.9095022624434389,B3_SequentialFNN,0.7
Chan_LamCoupling,1,390,0.44871794871794873,0.11282051282051282,0.18461538461538463,0.22564102564102564,0.3128205128205128,0.1709844756924533,0.19383125310279406,0,,,,,B4_ReactionGCNN,0.7
Chan_LamCoupling,2,390,0.4948717948717949,0.08717948717948718,0.1717948717948718,0.2205128205128205,0.30256410256410254,0.1552811030200959,0.17882001708560943,0,,,,,B2_ProductGNN,0.7
Chan_LamCoupling,2,390,0.6256410256410256,0.2846153846153846,0.3974358974358974,0.43846153846153846,0.5025641025641026,0.356191688587272,0.38369971134618075,228,7.656197064801266,0.6271929824561403,0.7850877192982456,0.9035087719298246,B3_SequentialFNN,0.7
Chan_LamCoupling,2,390,0.5025641025641026,0.11025641025641025,0.20256410256410257,0.26153846153846155,0.3487179487179487,0.18006783436851995,0.2117541230540102,0,,,,,B4_ReactionGCNN,0.7
Chan_LamCoupling,0,390,0.5923076923076923,0.24102564102564103,0.36666666666666664,0.4230769230769231,0.4846153846153846,0.32358131055026446,0.3498680202352715,0,,,,,Without_KNN,0.7
Chan_LamCoupling,1,390,0.5948717948717949,0.26153846153846155,0.3871794871794872,0.4282051282051282,0.47435897435897434,0.3402013289858551,0.36138881906182585,0,,,,,Without_KNN,0.7
Chan_LamCoupling,2,390,0.6,0.19230769230769232,0.3564102564102564,0.4230769230769231,0.46923076923076923,0.28994485719741725,0.3224557137759531,0,,,,,Without_KNN,0.7
Chan_LamCoupling,0,390,0.6333333333333333,0.34615384615384615,0.4282051282051282,0.45384615384615384,0.5102564102564102,0.40448707689412844,0.41248296005332213,0,,,,,Without_ReaFNN,0.7
Chan_LamCoupling,1,390,0.6333333333333333,0.3076923076923077,0.39487179487179486,0.4358974358974359,0.4897435897435897,0.3702230476386256,0.3789143151885106,0,,,,,Without_ReaFNN,0.7
Chan_LamCoupling,2,390,0.6333333333333333,0.31794871794871793,0.41025641025641024,0.44871794871794873,0.49743589743589745,0.38256820194487,0.3928025709013465,0,,,,,Without_ReaFNN,0.7
DielsAlder,0,762,0.30971128608923887,0.1036745406824147,0.17454068241469817,0.19816272965879264,0.23228346456692914,0.14842814152727418,0.16083525455036932,183,16.522235952677597,0.2786885245901639,0.4426229508196721,0.7213114754098361,ProSys,0.33727034120734906
DielsAlder,0,762,0.30971128608923887,0.1036745406824147,0.12992125984251968,0.1377952755905512,0.15223097112860892,0.12372233413161232,0.12551328929485864,0,,,,,Without_LTR,0.33727034120734906
DielsAlder,0,762,0.30971128608923887,0.1036745406824147,0.17454068241469817,0.19816272965879264,0.23228346456692914,0.14842814152727418,0.16083525455036932,183,22.678968321311476,0.14207650273224043,0.3333333333333333,0.5683060109289617,Without_RGNN_temperature,0.33727034120734906
DielsAlder,1,762,0.3083989501312336,0.1272965879265092,0.19291338582677164,0.2178477690288714,0.2545931758530184,0.16926397060171805,0.1828639977422955,183,17.224563761202187,0.2896174863387978,0.4644808743169399,0.6939890710382514,ProSys,0.33727034120734906
DielsAlder,1,762,0.3083989501312336,0.09973753280839896,0.13517060367454067,0.1377952755905512,0.15354330708661418,0.12198865609581507,0.12511869839319747,0,,,,,Without_LTR,0.33727034120734906
DielsAlder,1,762,0.3083989501312336,0.1272965879265092,0.19291338582677164,0.2178477690288714,0.2545931758530184,0.16926397060171805,0.1828639977422955,183,22.29853841967213,0.1366120218579235,0.3005464480874317,0.5901639344262295,Without_RGNN_temperature,0.33727034120734906
DielsAlder,2,762,0.30971128608923887,0.12467191601049868,0.19028871391076116,0.2073490813648294,0.2414698162729659,0.1648615023375396,0.1761628617417832,183,16.362368741311474,0.273224043715847,0.45901639344262296,0.7377049180327869,ProSys,0.33727034120734906
DielsAlder,2,762,0.30971128608923887,0.08267716535433071,0.12598425196850394,0.1377952755905512,0.14960629921259844,0.11069674323201194,0.11512272764663885,0,,,,,Without_LTR,0.33727034120734906
DielsAlder,2,762,0.30971128608923887,0.12467191601049868,0.19028871391076116,0.2073490813648294,0.2414698162729659,0.1648615023375396,0.1761628617417832,183,23.45874687311476,0.1912568306010929,0.3333333333333333,0.5409836065573771,Without_RGNN_temperature,0.33727034120734906
DielsAlder,0,762,0.18635170603674542,0.04068241469816273,0.07217847769028872,0.08661417322834647,0.11286089238845146,0.06411693947151802,0.07251129803971022,0,,,,,B1_ProductNB,0.33727034120734906
DielsAlder,0,762,0.2532808398950131,0.03937007874015748,0.08661417322834647,0.1115485564304462,0.1377952755905512,0.07432999620305619,0.08493174029241668,0,,,,,B2_ProductGNN,0.33727034120734906
DielsAlder,0,762,0.28608923884514437,0.09580052493438321,0.13517060367454067,0.14960629921259844,0.17322834645669294,0.12400680602933141,0.1312667600328073,169,17.784992008166906,0.42011834319526625,0.5739644970414202,0.7337278106508875,B3_SequentialFNN,0.33727034120734906
DielsAlder,0,762,0.24278215223097113,0.02887139107611549,0.06430446194225722,0.07480314960629922,0.1036745406824147,0.05334279009665354,0.06117801182998,0,,,,,B4_ReactionGCNN,0.33727034120734906
DielsAlder,1,762,0.25065616797900264,0.03412073490813648,0.07742782152230972,0.10236220472440946,0.13648293963254593,0.06747004988220742,0.07798595934069567,0,,,,,B2_ProductGNN,0.33727034120734906
DielsAlder,1,762,0.28346456692913385,0.09711286089238846,0.12860892388451445,0.15748031496062992,0.18503937007874016,0.1244961358864668,0.13440776716658895,167,17.864175996737565,0.33532934131736525,0.5508982035928144,0.688622754491018,B3_SequentialFNN,0.33727034120734906
DielsAlder,1,762,0.2440944881889764,0.03412073490813648,0.05511811023622048,0.07086614173228346,0.10236220472440946,0.05490599463167099,0.060689977872652574,0,,,,,B4_ReactionGCNN,0.33727034120734906
DielsAlder,2,762,0.2388451443569554,0.02887139107611549,0.08792650918635171,0.1010498687664042,0.12860892388451445,0.06631758996723572,0.07606527571440208,0,,,,,B2_ProductGNN,0.33727034120734906
DielsAlder,2,762,0.2742782152230971,0.09055118110236221,0.14041994750656167,0.15485564304461943,0.17979002624671916,0.12339888869556939,0.13304181844758625,163,17.877151518511624,0.3619631901840491,0.5276073619631901,0.6993865030674846,B3_SequentialFNN,0.33727034120734906
DielsAlder,2,762,0.2532808398950131,0.03280839895013123,0.06692913385826772,0.08923884514435697,0.1141732283464567,0.06016875508709548,0.0687130123370647,0,,,,,B4_ReactionGCNN,0.33727034120734906
DielsAlder,0,762,0.21916010498687663,0.1010498687664042,0.16010498687664043,0.17322834645669294,0.1968503937007874,0.13456342721024475,0.14790660723457003,0,,,,,Without_KNN,0.33727034120734906
DielsAlder,1,762,0.20866141732283464,0.07349081364829396,0.13648293963254593,0.16666666666666666,0.18897637795275593,0.11194197485958453,0.12820346785117875,0,,,,,Without_KNN,0.33727034120734906
DielsAlder,2,762,0.2047244094488189,0.09711286089238846,0.15223097112860892,0.17454068241469817,0.19028871391076116,0.12961163066476125,0.14246287969860294,0,,,,,Without_KNN,0.33727034120734906
DielsAlder,0,762,0.30971128608923887,0.10236220472440946,0.18110236220472442,0.19947506561679793,0.2283464566929134,0.147963422147852,0.1593633792083743,0,,,,,Without_ReaFNN,0.33727034120734906
DielsAlder,1,762,0.30971128608923887,0.09711286089238846,0.16929133858267717,0.19160104986876642,0.20997375328083992,0.1393115893559907,0.14677504102728448,0,,,,,Without_ReaFNN,0.33727034120734906
DielsAlder,2,762,0.30971128608923887,0.1036745406824147,0.17454068241469817,0.19816272965879264,0.22440944881889763,0.14681077914076823,0.15664619086225884,0,,,,,Without_ReaFNN,0.33727034120734906
Friedel-CraftsAcylation,0,475,0.5789473684210527,0.18105263157894738,0.28842105263157897,0.3452631578947369,0.4210526315789474,0.2595472074362108,0.2758011223359137,238,10.146813130924372,0.4117647058823529,0.6764705882352942,0.8571428571428571,ProSys,0.6189473684210526
Friedel-CraftsAcylation,0,475,0.5789473684210527,0.2231578947368421,0.32210526315789473,0.3494736842105263,0.36210526315789476,0.28323333709275356,0.2934358211332707,0,,,,,Without_LTR,0.6189473684210526
Friedel-CraftsAcylation,0,475,0.5789473684210527,0.18105263157894738,0.28842105263157897,0.3452631578947369,0.4210526315789474,0.2595472074362108,0.2758011223359137,238,11.766136283512605,0.3907563025210084,0.6302521008403361,0.8151260504201681,Without_RGNN_temperature,0.6189473684210526
Friedel-CraftsAcylation,1,475,0.5831578947368421,0.2,0.3263157894736842,0.3726315789473684,0.44,0.28104518048839316,0.30003655913757776,239,10.0050281358159,0.4225941422594142,0.6610878661087866,0.8702928870292888,ProSys,0.6189473684210526
Friedel-CraftsAcylation,1,475,0.5831578947368421,0.23789473684210527,0.32210526315789473,0.3473684210526316,0.3684210526315789,0.290888033471251,0.30422657789160346,0,,,,,Without_LTR,0.6189473684210526
Friedel-CraftsAcylation,1,475,0.5831578947368421,0.2,0.3263157894736842,0.3726315789473684,0.44,0.28104518048839316,0.30003655913757776,239,12.516189413389123,0.3054393305439331,0.5857740585774058,0.799163179916318,Without_RGNN_temperature,0.6189473684210526
Friedel-CraftsAcylation,2,475,0.5831578947368421,0.20631578947368423,0.3242105263157895,0.3705263157894737,0.4631578947368421,0.28832736404606807,0.3122368588774311,239,10.091635248326359,0.40585774058577406,0.6652719665271967,0.8661087866108786,ProSys,0.6189473684210526
Friedel-CraftsAcylation,2,475,0.5831578947368421,0.24210526315789474,0.33263157894736844,0.3536842105263158,0.3684210526315789,0.2962628649049444,0.307600266116675,0,,,,,Without_LTR,0.6189473684210526
Friedel-CraftsAcylation,2,475,0.5831578947368421,0.20631578947368423,0.3242105263157895,0.3705263157894737,0.4631578947368421,0.28832736404606807,0.3122368588774311,239,12.542060588577408,0.3263598326359833,0.6192468619246861,0.8284518828451883,Without_RGNN_temperature,0.6189473684210526
Friedel-CraftsAcylation,0,475,0.4336842105263158,0.17894736842105263,0.25263157894736843,0.2905263157894737,0.33473684210526317,0.22949712579106665,0.24226900528600984,0,,,,,B1_ProductNB,0.6189473684210526
Friedel-CraftsAcylation,0,475,0.4589473684210526,0.08,0.13052631578947368,0.17263157894736844,0.2505263157894737,0.12889069892557886,0.14649873993800028,0,,,,,B2_ProductGNN,0.6189473684210526
Friedel-CraftsAcylation,0,475,0.5157894736842106,0.15368421052631578,0.2568421052631579,0.27578947368421053,0.33263157894736844,0.2194591589099685,0.2370345493001427,212,12.355114192684304,0.4339622641509434,0.6273584905660378,0.8113207547169812,B3_SequentialFNN,0.6189473684210526
Friedel-CraftsAcylation,0,475,0.4357894736842105,0.06315789473684211,0.13894736842105262,0.17052631578947366,0.2505263157894737,0.12270282033950193,0.1460127221590676,0,,,,,B4_ReactionGCNN,0.6189473684210526
Friedel-CraftsAcylation,1,475,0.42736842105263156,0.07578947368421053,0.14105263157894737,0.1936842105263158,0.2568421052631579,0.131179554428994,0.15065717315378907,0,,,,,B2_ProductGNN,0.6189473684210526
Friedel-CraftsAcylation,1,475,0.52,0.17894736842105263,0.27157894736842103,0.3094736842105263,0.3536842105263158,0.24199661363312916,0.2587370084103871,214,12.245930270474648,0.4205607476635514,0.6308411214953271,0.8130841121495327,B3_SequentialFNN,0.6189473684210526
Friedel-CraftsAcylation,1,475,0.48,0.04842105263157895,0.13473684210526315,0.17473684210526316,0.25894736842105265,0.11306829916337219,0.13732977807506952,0,,,,,B4_ReactionGCNN,0.6189473684210526
Friedel-CraftsAcylation,2,475,0.4357894736842105,0.07157894736842106,0.11578947368421053,0.16210526315789475,0.23789473684210527,0.1187778821974402,0.13470949525427767,0,,,,,B2_ProductGNN,0.6189473684210526
Friedel-CraftsAcylation,2,475,0.511578947368421,0.13684210526315788,0.23578947368421052,0.2673684210526316,0.3094736842105263,0.20227680886592853,0.21791743661278679,211,12.622363459866193,0.44075829383886256,0.6113744075829384,0.7962085308056872,B3_SequentialFNN,0.6189473684210526
Friedel-CraftsAcylation,2,475,0.45052631578947366,0.06315789473684211,0.13473684210526315,0.1831578947368421,0.2442105263157895,0.12045012979372574,0.14190499839945114,0,,,,,B4_ReactionGCNN,0.6189473684210526
Friedel-CraftsAcylation,0,475,0.5073684210526316,0.15789473684210528,0.25473684210526315,0.2968421052631579,0.3705263157894737,0.22825992320338664,0.247030650209081,0,,,,,Without_KNN,0.6189473684210526
Friedel-CraftsAcylation,1,475,0.5178947368421053,0.19157894736842107,0.25894736842105265,0.3031578947368421,0.3642105263157895,0.24585843367444601,0.25620698936719905,0,,,,,Without_KNN,0.6189473684210526
Friedel-CraftsAcylation,2,475,0.5326315789473685,0.18105263157894738,0.25894736842105265,0.2926315789473684,0.3684210526315789,0.24089910960932642,0.2564604114153171,0,,,,,Without_KNN,0.6189473684210526
Friedel-CraftsAcylation,0,475,0.5789473684210527,0.20842105263157895,0.31368421052631584,0.3536842105263158,0.4378947368421053,0.28180716368051484,0.30115014096327436,0,,,,,Without_ReaFNN,0.6189473684210526
Friedel-CraftsAcylation,1,475,0.5789473684210527,0.14947368421052631,0.22947368421052633,0.27789473684210525,0.3726315789473684,0.21629928289624611,0.23308434262632013,0,,,,,Without_ReaFNN,0.6189473684210526
Friedel-CraftsAcylation,2,475,0.5789473684210527,0.14105263157894737,0.22947368421052633,0.2568421052631579,0.31578947368421056,0.20374555174185574,0.2070325179043277,0,,,,,Without_ReaFNN,0.6189473684210526
Friedel-CraftsAlkylation,0,899,0.3770856507230256,0.1657397107897664,0.27363737486095663,0.30700778642936594,0.3259176863181313,0.22787643779720113,0.24407536320401077,321,10.152479572109035,0.4143302180685358,0.6230529595015576,0.8442367601246106,ProSys,0.40266963292547275
Friedel-CraftsAlkylation,0,899,0.3770856507230256,0.14015572858731923,0.1735261401557286,0.1835372636262514,0.18798665183537264,0.16377741552315578,0.16477760415159012,0,,,,,Without_LTR,0.40266963292547275
Friedel-CraftsAlkylation,0,899,0.3770856507230256,0.1657397107897664,0.27363737486095663,0.30700778642936594,0.3259176863181313,0.22787643779720113,0.24407536320401077,321,13.374274375420562,0.30218068535825543,0.5358255451713395,0.7912772585669782,Without_RGNN_temperature,0.40266963292547275
Friedel-CraftsAlkylation,1,899,0.3781979977753059,0.19243604004449388,0.27363737486095663,0.3003337041156841,0.3270300333704116,0.2422856768578668,0.25696978092067535,322,11.682920798012423,0.39751552795031053,0.6024844720496895,0.8105590062111802,ProSys,0.40266963292547275
Friedel-CraftsAlkylation,1,899,0.3781979977753059,0.13793103448275862,0.18020022246941045,0.1846496106785317,0.19132369299221355,0.1649476852280999,0.16697769120040232,0,,,,,Without_LTR,0.40266963292547275
Friedel-CraftsAlkylation,1,899,0.3781979977753059,0.19243604004449388,0.27363737486095663,0.3003337041156841,0.3270300333704116,0.2422856768578668,0.25696978092067535,322,13.966212354906833,0.3198757763975155,0.5248447204968945,0.7577639751552795,Without_RGNN_temperature,0.40266963292547275
Friedel-CraftsAlkylation,2,899,0.37486095661846497,0.1935483870967742,0.3003337041156841,0.3192436040044494,0.3381535038932147,0.24939828044398943,0.26495404113537774,318,10.05751729792453,0.4056603773584906,0.6509433962264151,0.8647798742138365,ProSys,0.40266963292547275
Friedel-CraftsAlkylation,2,899,0.37486095661846497,0.15016685205784205,0.1768631813125695,0.18131256952169078,0.185761957730812,0.16980075588371302,0.1681177903845668,0,,,,,Without_LTR,0.40266963292547275
Friedel-CraftsAlkylation,2,899,0.37486095661846497,0.1935483870967742,0.3003337041156841,0.3192436040044494,0.3381535038932147,0.24939828044398943,0.26495404113537774,318,12.81902772893082,0.34276729559748426,0.5849056603773585,0.779874213836478,Without_RGNN_temperature,0.40266963292547275
Friedel-CraftsAlkylation,0,899,0.14349276974416017,0.02558398220244716,0.05005561735261401,0.06340378197997776,0.08342602892102337,0.04497433873934576,0.05184092021324573,0,,,,,B1_ProductNB,0.40266963292547275
Friedel-CraftsAlkylation,0,899,0.30589543937708563,0.05561735261401557,0.10789766407119021,0.13904338153503892,0.16907675194660735,0.09549344553928237,0.10617469520125422,0,,,,,B2_ProductGNN,0.40266963292547275
Friedel-CraftsAlkylation,0,899,0.3481646273637375,0.11123470522803114,0.1557285873192436,0.17018909899888765,0.18020022246941045,0.14028768219611232,0.14487331473346843,295,7.90405089203584,0.5898305084745763,0.7491525423728813,0.8949152542372881,B3_SequentialFNN,0.40266963292547275
Friedel-CraftsAlkylation,0,899,0.27808676307007785,0.042269187986651836,0.07230255839822025,0.09010011123470522,0.1167964404894327,0.06845113794375074,0.0755805819731277,0,,,,,B4_ReactionGCNN,0.40266963292547275
Friedel-CraftsAlkylation,1,899,0.3236929922135706,0.06117908787541713,0.1167964404894327,0.1446051167964405,0.1768631813125695,0.09911718237248178,0.1107749040057416,0,,,,,B2_ProductGNN,0.40266963292547275
Friedel-CraftsAlkylation,1,899,0.3470522803114572,0.11012235817575083,0.14905450500556172,0.16240266963292546,0.1835372636262514,0.13739133863983044,0.1437589351456281,296,7.835225914000861,0.5709459459459459,0.7466216216216216,0.8952702702702703,B3_SequentialFNN,0.40266963292547275
Friedel-CraftsAlkylation,1,899,0.2347052280311457,0.042269187986651836,0.06674082313681869,0.07675194660734148,0.10122358175750834,0.06181691169937846,0.06724779994950804,0,,,,,B4_ReactionGCNN,0.40266963292547275
Friedel-CraftsAlkylation,2,899,0.3181312569521691,0.05228031145717464,0.10456062291434928,0.12680756395995552,0.17018909899888765,0.09249704262674988,0.10416084532279479,0,,,,,B2_ProductGNN,0.40266963292547275
Friedel-CraftsAlkylation,2,899,0.3492769744160178,0.11568409343715239,0.15127919911012236,0.167964404894327,0.18242491657397106,0.14238430138429967,0.14780399926502377,299,8.693156777416982,0.5919732441471572,0.7625418060200669,0.8662207357859532,B3_SequentialFNN,0.40266963292547275
Friedel-CraftsAlkylation,2,899,0.27474972191323693,0.058954393770856504,0.08453837597330367,0.10011123470522802,0.12347052280311457,0.08123640449896585,0.08689789594721438,0,,,,,B4_ReactionGCNN,0.40266963292547275
Friedel-CraftsAlkylation,0,899,0.3503893214682981,0.16017797552836482,0.24916573971078976,0.27586206896551724,0.3136818687430478,0.21227789137524938,0.22952519404567773,0,,,,,Without_KNN,0.40266963292547275
Friedel-CraftsAlkylation,1,899,0.3526140155728587,0.1768631813125695,0.25361512791991103,0.2936596218020022,0.31701890989988873,0.22735034251158362,0.24452100320307893,0,,,,,Without_KNN,0.40266963292547275
Friedel-CraftsAlkylation,2,899,0.35372636262513907,0.1657397107897664,0.25917686318131256,0.2925472747497219,0.31701890989988873,0.22003115210947904,0.23803280433039417,0,,,,,Without_KNN,0.40266963292547275
Friedel-CraftsAlkylation,0,899,0.37374860956618466,0.11345939933259176,0.22580645161290322,0.2614015572858732,0.303670745272525,0.18200846594050582,0.20385121743269166,0,,,,,Without_ReaFNN,0.40266963292547275
Friedel-CraftsAlkylation,1,899,0.37374860956618466,0.12347052280311457,0.23136818687430477,0.26473859844271413,0.3047830923248053,0.1874471254950545,0.20825867349276986,0,,,,,Without_ReaFNN,0.40266963292547275
Friedel-CraftsAlkylation,2,899,0.37374860956618466,0.10567296996662959,0.1968854282536151,0.2347052280311457,0.2869855394883204,0.1641630880980703,0.18544155921690259,0,,,,,Without_ReaFNN,0.40266963292547275
