((2r,4r)-4-(benzyloxy)pyrrolidin-2-yl)diphenylmethanol	OC(c1ccccc1)(c1ccccc1)[C@H]1C[C@@H](OCc2ccccc2)CN1
(+/-)-binap	c1ccc(P(c2ccccc2)c2ccc3ccccc3c2-c2c(P(c3ccccc3)c3ccccc3)ccc3ccccc23)cc1
(-)-(s)-alpha,alpha-diphenylpyrrolidine-2-methanol methyl(diphenyl)silyl ether	C[Si](OC(c1ccccc1)(c1ccccc1)[C@@H]1CCCN1)(c1ccccc1)c1ccccc1
(-)-2-(dicyclohexylphosphino)-2'-(dimethylamino)-1,1'-binaphthyl	CN(C)c1ccc2ccccc2c1-c1c(P(C2CCCCC2)C2CCCCC2)ccc2ccccc12
(1,1'-bis(diphenylphosphino)ferrocene)palladium(ii) dichloride	[CH]1[CH][CH][C](P(c2ccccc2)c2ccccc2)[CH]1.[CH]1[CH][CH][C](P(c2ccccc2)c2ccccc2)[CH]1.[Cl-].[Cl-].[Fe].[Pd+2]
(1,3-bis(2,6-diisopropyl-4-((e)-3-methoxy-3-oxoprop-1-en-1-yl)phenyl)-2,3-dihydro-1h-imidazole-2-yl)copper(i) chloride	COC(=O)/[C-]=C/c1cc(C(C)C)c(N2C=CN(c3c(C(C)C)cc(/C=C/C(=O)OC)cc3C(C)C)C2)c(C(C)C)c1.[Cl-].[Cu+]
(1,3-bis(2,6-diisopropylphenyl)-3,4,5,6-tetrahydropyrimidin-2-ylidene)pd(cinnamyl, 3-phenylallyl)cl	CC(C)c1cccc(C(C)C)c1-n1ccn(-c2c(C(C)C)cccc2C(C)C)[c]1=[Pd+].[CH2][CH][CH]c1ccccc1.[Cl-]
(1,3-bis(2,6-diisopropylphenyl)-4,5-dihydroimidazol-2-ylidene) (3-chloropyridyl) palladium(ii) dichloride	CC(C)c1cccc(C(C)C)c1N1[C-2]N(c2c(C(C)C)cccc2C(C)C)CC1.Clc1cccn[c]1[Pd+].[Cl-].[Cl-]
(1r,2r)-1,2-diaminocyclohexane	N[C@@H]1CCCC[C@H]1N
(1r,2s)-2,3-dihydro-1-(pyrrolidin-1-yl)-1h-inden-2-ol	O[C@H]1Cc2ccccc2[C@H]1N1CCCC1
(1s,2s)-n1,n1,n2,n2-tetramethylcyclohexane-1,2-diamine	CN(C)[C@H]1CCCC[C@@H]1N(C)C
(2)h8-toluene	Cc1ccccc1
(2,3,4,5,6-pentafluorophenyl)ammonium triflate	O=S(=O)([O-])C(F)(F)F.[NH3+]c1c(F)c(F)c(F)c(F)c1F
(2,6-dichlorophenyl)bis(2,3,5,6-tetrafluorophenyl)borane	Fc1cc(F)c(F)c(B(c2c(Cl)cccc2Cl)c2c(F)c(F)cc(F)c2F)c1F
(2-chloro-6-fluorophenyl)bis(2,6-dichlorophenyl)borane	Fc1cccc(Cl)c1B(c1c(Cl)cccc1Cl)c1c(Cl)cccc1Cl
(2-furyl)methyl alcohol	OCc1ccco1
(2-hydroxyphenyl)morpholin-4-yl-methanone	O=C(c1ccccc1O)N1CCOCC1
(2-mesityl-1h-inden-3-yl)dicyclohexyl phosphine	Cc1cc(C)c(C2=C(P(C3CCCCC3)C3CCCCC3)c3ccccc3C2)c(C)c1
(2-phenylethyl)diphenylphosphane	c1ccc(CCP(c2ccccc2)c2ccccc2)cc1
(2r)-1-[(1r)-1-[bis(1,1-dimethylethyl)phosphino]ethyl]-2-(dicyclohexylphosphino)ferrocene	CC([c-]1cccc1P(C1CCCCC1)C1CCCCC1)P(C(C)(C)C)C(C)(C)C.[Fe+2].c1cc[cH-]c1
(2s)-2-{diphenyl[(trimethylsilyl)oxy]methyl}pyrrolidine	C[Si](C)(C)OC(c1ccccc1)(c1ccccc1)[C@@H]1CCCN1
(2s)-n-phenylpyrrolidine-2-carboxamide	O=C(Nc1ccccc1)[C@@H]1CCCN1
(3ar,8as)-2-(3-(3,5-di-tert-butylphenyl)-2,2-bis((s)-4-isopropyl-4,5-dihydrooxazol-2-yl)propyl)-8,8a-dihydro-3ah-indeno[1,2-d]oxazole	CC(C)[C@H]1COC(C(CC2=N[C@@H]3c4ccccc4C[C@@H]3O2)(Cc2cc(C(C)(C)C)cc(C(C)(C)C)c2)C2=N[C@@H](C(C)C)CO2)=N1
(3as,3a's,8ar,8a'r)-2,2'-(propane-2,2-diyl)bis(3a,8a-dihydro-8h-indeno[1,2-d]oxazole)	CC(C)(C1=N[C@H]2c3ccccc3C[C@H]2O1)C1=N[C@H]2c3ccccc3C[C@H]2O1
(4s,4's)-2,2'-(1,3-bis(4-(tert-butyl)phenyl)propane-2,2-diyl)bis(4-benzyl-4,5-dihydrooxazole)	CC(C)(C)c1ccc(CC(Cc2ccc(C(C)(C)C)cc2)(C2=N[C@@H](Cc3ccccc3)CO2)C2=N[C@@H](Cc3ccccc3)CO2)cc1
(4s,4's)-2,2'-(1,3-bis(4-fluorophenyl)propane-2,2-diyl)bis(4-benzyl-4,5-dihydrooxazole)	Fc1ccc(CC(Cc2ccc(F)cc2)(C2=N[C@@H](Cc3ccccc3)CO2)C2=N[C@@H](Cc3ccccc3)CO2)cc1
(4s,4s')-(-)-2,2'-(1-methylethylidene)bis[4,5-dihydro-4-(phenylmethyl)oxazole]	CC(C)(C1=NC(Cc2ccccc2)CO1)C1=NC(Cc2ccccc2)CO1
(5as,10br)-5a,10b-dihydro-2-(2,4,6-trimethylphenyl)-4h,6h-indeno[2,1-b]-1,2,4-triazolo[4,3-d]-1,4-oxazinium chloride	Cc1cc(C)c(-[n+]2cn3c(n2)CO[C@H]2Cc4ccccc4[C@H]23)c(C)c1.[Cl-]
(e)-1,4-bis(2,2-dioxido-3,3a,4,8b-tetrahydro-1h-indeno[1,2-c]isothiazol-1-yl)but-2-ene-1,4-dione	O=C(/C=C/C(=O)N1C2c3ccccc3CC2CS1(=O)=O)N1C2c3ccccc3CC2CS1(=O)=O
(r)-1,1'-bi-2-naphthol	Oc1ccc2ccccc2c1-c1c(O)ccc2ccccc12
(r)-10-camphorsulfonic acid	CC1(C)C2CC[C@]1(CS(=O)(=O)O)C(=O)C2
(r)-2-(diphenyl(trimethylsilyloxy)methyl)pyrrolidine	C[Si](C)(C)OC(c1ccccc1)(c1ccccc1)[C@H]1CCCN1
(r)-3,3'-dibromo-1,1'-bi-2-naphthol	Oc1c(Br)cc2ccccc2c1-c1c(O)c(Br)cc2ccccc12
(r)-mandelic acid	O=C(O)[C@H](O)c1ccccc1
(s)-1-(2-amino-3,3-dimethylbutyl)-3-(3,5-bis(trifluoromethyl)phenyl)thiourea	CC(C)(C)[C@H](N)CNC(=S)Nc1cc(C(F)(F)F)cc(C(F)(F)F)c1
(s)-2-((2-(hydroxydiphenylmethyl)pyrrolidin-1-yl)methyl)-6-(trifluoromethyl)phenol	Oc1c(CN2CCC[C@H]2C(O)(c2ccccc2)c2ccccc2)cccc1C(F)(F)F
(s)-2-(diphenyl((triethylsilyl)oxy)methyl)pyrrolidine	CC[Si](CC)(CC)OC(c1ccccc1)(c1ccccc1)[C@@H]1CCCN1
(s)-2-{bis[3,5-bis(trifluoromethyl)phenyl][(trimethylsilanyl)oxy]methyl}pyrrolidine	C[Si](C)(C)OC(c1cc(C(F)(F)F)cc(C(F)(F)F)c1)(c1cc(C(F)(F)F)cc(C(F)(F)F)c1)[C@@H]1CCCN1
(s)-4-(tert-butyl)-2-(isoquinolin-1-yl)-4,5-dihydrooxazole	CC(C)(C)[C@H]1COC(c2nccc3ccccc23)=N1
(s)-4-isopropyl-2-(3-((s)-4-isopropyl-1-(4-methoxyphenyl)-4,5-dihydro-1h-imidazol-2-yl)pentan-3-yl)-4,5-dihydrooxazole	CCC(CC)(C1=N[C@@H](C(C)C)CO1)C1=N[C@@H](C(C)C)CN1c1ccc(OC)cc1
(s)-4-methyl-n1-propylpentane-1,2-diamine	CCCNC[C@@H](N)CC(C)C
(s,s)-1,2-diaminocyclohexane	N[C@H]1CCCC[C@@H]1N
(s,s)-2,2'-isopropylidenebis(4-phenyl-2-oxazoline)	CC(C)(C1=N[C@@H](c2ccccc2)CO1)C1=N[C@@H](c2ccccc2)CO1
(trimethylsilyl)methylmagnesium chloride	C[Si](C)(C)[CH2][Mg][Cl]
(trimethylsilyl)methylzinc iodide	[CH2-][Si](C)(C)C.[I-].[Zn+2]
(triphenylphosphine)gold(i) chloride	[Au+].[Cl-].c1ccc(P(c2ccccc2)c2ccccc2)cc1
1,1'-bi-2-naphthol	Oc1ccc2ccccc2c1-c1c(O)ccc2ccccc12
1,1'-binaphthyl-2,2'-diyl hydrogenphosphate	O=P1(O)Oc2ccc3ccccc3c2-c2c(ccc3ccccc23)O1
1,1'-biphenyl-2,2'-diyl hydrogen phosphate	O=P1(O)Oc2ccccc2-c2ccccc2O1
1,1'-bipyridyl	C1=CCN(N2C=CC=CC2)C=C1
1,1'-bis(diphenylphosphino)ferrocene	[Fe+2].c1ccc(P(c2ccccc2)[c-]2cccc2)cc1.c1ccc(P(c2ccccc2)[c-]2cccc2)cc1
1,1'-bis-(diphenylphosphino)ferrocene	[Fe+2].c1ccc(P(c2ccccc2)[c-]2cccc2)cc1.c1ccc(P(c2ccccc2)[c-]2cccc2)cc1
1,1,1,3',3',3'-hexafluoro-propanol	OC(C(F)(F)F)C(F)(F)F
1,1,1,3,3-pentafluorobutane	CC(F)(F)CC(F)(F)F
1,1,2,2-tetrachloroethane	ClC(Cl)C(Cl)Cl
1,1,3,3-tetramethyldisiloxane	C[SiH](C)O[SiH](C)C
1,1,3,3-tetramethylguanidinium chlorosulfonate	CN(C)C(=[NH2+])N(C)C.O=S(=O)([O-])Cl
1,1-dibromoethane	CC(Br)Br
1,1-dichloroethane	CC(Cl)Cl
1,10-phenanthroline	c1cnc2c(c1)ccc1cccnc12
1,2,3-benzotriazole	c1ccc2[nH]nnc2c1
1,2-bis(benzylsulfinyl)ethane palladium acetate	CC(=O)[O-].CC(=O)[O-].[O-][S+](CC[S+]([O-])Cc1ccccc1)Cc1ccccc1.[Pd+2]
1,2-bis(diphenylphosphino)ethane nickel(ii) chloride	[Cl-].[Cl-].[Ni+2].c1ccc(P(CCP(c2ccccc2)c2ccccc2)c2ccccc2)cc1
1,2-bis-(dicyclohexylphosphino)ethane	C1CCC(P(CCP(C2CCCCC2)C2CCCCC2)C2CCCCC2)CC1
1,2-bis-(diphenylphosphino)ethane	c1ccc(P(CCP(c2ccccc2)c2ccccc2)c2ccccc2)cc1
1,2-dichloro-benzene	Clc1ccccc1Cl
1,2-dichloro-ethane	ClCCCl
1,2-dimethoxyethane	COCCOC
1,3,4-trimethylimidazolidin-2-one	CC1CN(C)C(=O)N1C
1,3,5-trichloro-2,4,6-triazine	Clc1nc(Cl)nc(Cl)n1
1,3,5-trimethyl-benzene	Cc1cc(C)cc(C)c1
1,3-bis(2,4,6-trimethylphenyl)-4,5,6,7-tetrahydro-1h-1,3-diazepinium bromide	Cc1cc(C)c(N2CCCC[NH+](c3c(C)cc(C)cc3C)C2)c(C)c1.[Br-]
1,3-bis(2,4,6-trimethylphenyl)-4,5-dihydroimidazolium chloride	Cc1cc(C)c(N2C=[N+](c3c(C)cc(C)cc3C)CC2)c(C)c1.[Cl-]
1,3-bis(2,6-diisopropylphenyl)-1,3,2-diazaphospholidine-2-oxide	CC(C)c1cccc(C(C)C)c1N1CCN(c2c(C(C)C)cccc2C(C)C)[PH]1=O
1,3-bis(3,5-bis(trifluoro-ethyl)phenyl)thiourea	FC(F)(F)Cc1cc(CC(F)(F)F)cc(NC(=S)Nc2cc(CC(F)(F)F)cc(CC(F)(F)F)c2)c1
1,3-bis(3-sulfopropyl)-1h-imidazol-3-ium trifluoromethanesulfonate	O=S(=O)(O)CCCn1cc[n+](CCCS(=O)(=O)O)c1.O=S(=O)([O-])C(F)(F)F
1,3-bis(cyclohexyl)imidazolium tetrafluoroborate	F[B-](F)(F)F.c1c[n+](C2CCCCC2)cn1C1CCCCC1
1,3-bis(mesityl)imidazolium chloride	Cc1cc(C)c(-n2cc[n+](-c3c(C)cc(C)cc3C)c2)c(C)c1.[Cl-]
1,3-bis-(diphenylphosphino)propane	c1ccc(P(CCCP(c2ccccc2)c2ccccc2)c2ccccc2)cc1
1,3-bis[(2,6-diisopropyl)phenyl]imidazolinium chloride	CC(C)c1cccc(C(C)C)c1-n1cc[n+](-c2c(C(C)C)cccc2C(C)C)c1.[Cl-]
1,3-bis[2,6-diisopropylphenyl]imidazolium chloride	CC(C)c1cccc(C(C)C)c1-n1cc[n+](-c2c(C(C)C)cccc2C(C)C)c1.[Cl-]
1,3-bis[5-chloro-3-methyl-1-phenyl-1h-pyrazol-4-ylmethyleneamino]thiourea	Cc1nn(-c2ccccc2)c(Cl)c1C=NNC(=S)NN=Cc1c(C)nn(-c2ccccc2)c1Cl
1,3-di-tert-butyl-2-chloro-1,3,2-diazaphospholidine	CC(C)(C)N1CCN(C(C)(C)C)P1Cl
1,3-diisopropyl-1h-imidazol-3-ium chloride	CC(C)n1cc[n+](C(C)C)c1.[Cl-]
1,3-dimethyl-2-imidazolidinone	CN1CCN(C)C1=O
1,3-dimethyl-2-imidazolidinone (dmi)	CN1CCN(C)C1=O
1,3-dimethyl-3,4,5,6-tetrahydro-2(1h)-pyrimidinone	CN1CCCN(C)C1=O
1,4-di(2-iodoethynyl)benzene	IC#Cc1ccc(C#CI)cc1
1,4-di(diphenylphosphino)-butane	c1ccc(P(CCCCP(c2ccccc2)c2ccccc2)c2ccccc2)cc1
1,4-diaza-bicyclo[2.2.2]octane	C1CN2CCN1CC2
1,4-diazabicyclo[2.2.2]octan-1-ium hydrogensulfate	C1C[NH+]2CCN1CC2.O=S(=O)([O-])O
1,4-dihydropyridine	C1=CNC=CC1
1,4-dioxane	C1COCCO1
1,8-bis(diisopropylphosphino)triptycene	CC(C)P(c1cccc2c1C1c3ccccc3C2c2cccc(P(C(C)C)C(C)C)c21)C(C)C
1,8-diazabicyclo[5.4.0]undec-7-ene	C1CCC2=NCCCN2CC1
1-(((1r,4as,10ar)-7-isopropyl-1,4a-dimethyl-1,2,3,4,4a,9,10,10a-octahydrophenanthren-1-yl)methyl)-3-((1r,2r)-2-(pyrrolidin-1-yl)cyclohexyl)thiourea	CC(C)c1ccc2c(c1)CC[C@H]1[C@](C)(CNC(=S)N[C@@H]3CCCC[C@H]3N3CCCC3)CCC[C@]21C
1-((1s,2s)-2-aminocyclohexyl)-3-(((1r,4as,10ar)-7-isopropyl-1,4a-dimethyl-1,2,3,4,4a,9,10,10a-octahydrophenanthren-1-yl)methyl)thiourea	CC(C)c1ccc2c(c1)CC[C@H]1[C@](C)(CNC(=S)N[C@H]3CCCC[C@@H]3N)CCC[C@]21C
1-((dimethylamino)methyl)-n,n-dimethylcyclopentanamine	CN(C)CC1(N(C)C)CCCC1
1-(2-carboxyethyl)-3-mesityl-1h-imidazol-3-ium chloride	Cc1cc(C)c(-[n+]2ccn(CCC(=O)O)c2)c(C)c1.[Cl-]
1-(3,4-dichlorobenzenesulfonyl)-3-methyl-1h-imidazolium chloride	CN1C=C[NH+](S(=O)(=O)c2ccc(Cl)c(Cl)c2)C1.[Cl-]
1-(3,5-bis(trifluoromethyl)phenyl)-3-((1r,2r)-2-amino-1,2-diphenylethyl)thiourea	N[C@H](c1ccccc1)[C@H](NC(=S)Nc1cc(C(F)(F)F)cc(C(F)(F)F)c1)c1ccccc1
1-(3,5-bis(trifluoromethyl)phenyl)-3-((s)-(6-methoxyquinolin-4-yl)((1s,2s,4s,5r)-5-vinylquinuclidin-2-yl)methyl)thiourea	C=CC1CN2CCC1CC2C(NC(=S)Nc1cc(C(F)(F)F)cc(C(F)(F)F)c1)c1ccnc2ccc(OC)cc12
1-(3,5-bis(trifluoromethyl)phenyl)-3-((s)-(6-methoxyquinolin-4-yl)((2s,4s,8r)-8-vinylquinuclidin-2-yl)methyl)thiourea	C=C[C@H]1CN2CC[C@H]1C[C@H]2[C@@H](NC(=S)Nc1cc(C(F)(F)F)cc(C(F)(F)F)c1)c1ccnc2ccc(OC)cc12
1-(5,6,7,8-tetrahydroquinolin-8-yl)ethan-1-one	CC(=O)C1CCCc2cccnc21
1-[2-(diphenylphosphino)phenyl]ethanol	CC(O)c1ccccc1P(c1ccccc1)c1ccccc1
1-butyl-1,4-diazabicyclo[2.2.2]octanylium hydrogensulfate	CCCC[N+]12CCN(CC1)CC2.O=S(=O)([O-])O
1-butyl-2-(diphenylphosphanyl)-3-methylimidazolium hexafluorophosphate	CCCC[n+]1ccn(C)c1P(c1ccccc1)c1ccccc1.F[P-](F)(F)(F)(F)F
1-butyl-3-methylimidazolium tetrafluoroborate	CCCC[n+]1ccn(C)c1.F[B-](F)(F)F
1-decanoic acid	CCCCCCCCCC(=O)O
1-deoxy-1-(methylamino)-d-glucitol	CNC[C@H](O)[C@@H](O)[C@H](O)[C@H](O)CO
1-dodecanesulfonic acid	CCCCCCCCCCCCS(=O)(=O)O
1-ethyl-2-pyrrolidinone	CCN1CCCC1=O
1-hydroxy-3h-benz[d][1,2]iodoxole-1,3-dione	O=C1OI(=O)(O)c2ccccc21
1-hydroxymethyl-1h-benzotriazole	OCn1nnc2ccccc21
1-methyl-1h-imidazole	Cn1ccnc1
1-methyl-2-(2-(dicyclohexylphosphino)phenyl)-1h-benzoimidazole	Cn1c(-c2ccccc2P(C2CCCCC2)C2CCCCC2)nc2ccccc21
1-methyl-2-azepanone	CN1CCCCCC1=O
1-methyl-3-(4-sulfobutyl)-1h-imidazol-3-ium hydrogensulfate	Cn1cc[n+](CCCCS(=O)(=O)O)c1.O=S(=O)([O-])O
1-methyl-pyrrolidin-2-one	CN1CCCC1=O
1-phenylprop-1-yne	CC#Cc1ccccc1
10% pd/c	C.[Pd]
10percent hcl	Cl
12-tungstophosphoric acid	O.O.O.O.O.O.O.O.O.O.O.O.O.O.O.O.O.O.O.O.O.O.O.O.O.O.O.O.O.O.O.O.O.O.O.O.O.O.O.O.P.[W].[W].[W].[W].[W].[W].[W].[W].[W].[W].[W].[W]
18-crown-6 ether	C1COCCOCCOCCOCCOCCO1
1h-imidazole	c1c[nH]cn1
2'-(di-tert-butylphosphanyl)-n,n-dimethyl-[1,1'-biphenyl]-2-amine	CN(C)c1ccccc1-c1ccccc1P(C(C)(C)C)C(C)(C)C
2,2'-biimidazole	c1c[nH]c(-c2ncc[nH]2)n1
2,2'-bis(diphenylphosphino)-1,1'-binaphthyl	c1ccc(P(c2ccccc2)c2ccc3ccccc3c2-c2c(P(c3ccccc3)c3ccccc3)ccc3ccccc23)cc1
2,2'-bis-(diphenylphosphino)-1,1'-binaphthyl	c1ccc(P(c2ccccc2)c2ccc3ccccc3c2-c2c(P(c3ccccc3)c3ccccc3)ccc3ccccc23)cc1
2,2'-iminobis[ethanol]	OCCNCCO
2,2'-isopropylidenebis[(4s)-4-tert-butyl-2-oxazoline]	CC(C)(C1=N[C@@H](C(C)(C)C)CO1)C1=N[C@@H](C(C)(C)C)CO1
2,2'-methylenebis[(4r,5s)-4,5-diphenyl-2-oxazoline]	c1ccc([C@H]2N=C(CC3=N[C@H](c4ccccc4)[C@H](c4ccccc4)O3)O[C@H]2c2ccccc2)cc1
2,2':6,2''-terpyridine	c1ccc(-c2cccc(-c3ccccn3)n2)nc1
2,2,2-trifluoroethanol	OCC(F)(F)F
2,2,4-trimethylpentane	CC(C)CC(C)(C)C
2,2,6,6-tetramethylheptane-3,5-dione	CC(C)(C)C(=O)CC(=O)C(C)(C)C
2,2,6,6-tetramethylpiperidinyl-lithium	CC1(C)CCCC(C)(C)[N-]1.[Li+]
2,2-bis[(4s)-4-isopropyloxazolin-2-yl]propane	CC(C)[C@H]1COC(C(C)(C)C2=N[C@@H](C(C)C)CO2)=N1
2,3,4,5-tetrafluorophenyl(dihydroxy)borane	OB(O)c1cc(F)c(F)c(F)c1F
2,3-dicyano-5,6-dichloro-p-benzoquinone	N#CC1=C(C#N)C(=O)C(Cl)=C(Cl)C1=O
2,4,6-tri(tert-butyl)phenol sodium salt	CC(C)(C)c1cc(C(C)(C)C)c([O-])c(C(C)(C)C)c1.[Na+]
2,4,6-triphenylpyrylium tetrafluoroborate	F[B-](F)(F)F.c1ccc(-c2cc(-c3ccccc3)[o+]c(-c3ccccc3)c2)cc1
2,4,6-tripropyl-1,3,5,2,4,6-trioxatriphosphinane-2,4,6-trioxide	CCCP1(=O)OP(=O)(CCC)OP(=O)(CCC)O1
2,4-di-tert-butyl-6-({[(1r,2r)-2-(dimethylamino)cyclohexyl](methyl)amino}methyl)phenol	CN(C)[C@@H]1CCCC[C@H]1N(C)Cc1cc(C(C)(C)C)cc(C(C)(C)C)c1O
2,4-dichloro-1,3-di-tert-butyl-1,3,2,4-diazadiphosphetidine	CC(C)(C)N1P(Cl)N(C(C)(C)C)P1Cl
2,4-dinitrobenzenesulfonic acid	O=[N+]([O-])c1ccc(S(=O)(=O)O)c([N+](=O)[O-])c1
2,6-bis((s)-4-isopropyl-4,5-dihydrooxazol-2-yl)pyridine	CC(C)[C@H]1COC(c2cccc(C3=N[C@@H](C(C)C)CO3)n2)=N1
2,6-bis(2,2-dimethylpropionylamino)benzoic acid	CC(C)(C)C(=O)Nc1cccc(NC(=O)C(C)(C)C)c1C(=O)O
2,6-bis[(3ar,8as)-3a,8a-dihydro-8h-indeno[1,2-d]oxazolin-2-yl]pyridine	c1cc(C2=N[C@@H]3c4ccccc4C[C@@H]3O2)nc(C2=N[C@@H]3c4ccccc4C[C@@H]3O2)c1
2,6-bis[(4r)-4,5-dihydro-4-(1-methylethyl)-2-oxazolyl]-pyridine	CC(C)[C@@H]1COC(c2cccc(C3=N[C@H](C(C)C)CO3)n2)=N1
2,6-bis[(r)-4-isopropyloxazolin-2-yl]pyridine	CC(C)[C@@H]1COC(c2cccc(C3=N[C@H](C(C)C)CO3)n2)=N1
2,6-di-tert-butyl-4-methyl-phenol	Cc1cc(C(C)(C)C)c(O)c(C(C)(C)C)c1
2,6-di-tert-butyl-4-methylpyridine	Cc1cc(C(C)(C)C)nc(C(C)(C)C)c1
2,6-di-tert-butyl-pyridine	CC(C)(C)c1cccc(C(C)(C)C)n1
2,6-diisopropoxyphenyl(dicyclohexyl)phosphonium tetrafluoroborate	CC(C)Oc1cccc(OC(C)C)c1[PH+](C1CCCCC1)C1CCCCC1.F[B-](F)(F)F
2,6-dimethyl-1,4-benzoquinone	CC1=CC(=O)C=C(C)C1=O
2,6-dimethyl-pyridine-3,5-dicarboxylic acid diethyl ester	CCOC(=O)c1cc(C(=O)OCC)c(C)nc1C
2,6-dimethylpyridine	Cc1cccc(C)n1
2,8,9-tris(2-methylpropyl)-2,5,8,9-tetraaza-1-phosphabicyclo[3.3.3]undecane	CC(C)CN1CCN2CCN(CC(C)C)P1N(CC(C)C)CC2
2-(((s)-1-hydroxy-1,1,3-triphenylpropan-2-ylimino)methyl)-6-chlorophenol	Oc1c(Cl)cccc1C=N[C@@H](Cc1ccccc1)C(O)(c1ccccc1)c1ccccc1
2-((dicyclohexylphosphino)methyl)-1,3-bis(2,6-diisopropylphenyl)-4,5-dimethyl-1h-imidazol-3-ium iodide	Cc1c(C)[n+](-c2c(C(C)C)cccc2C(C)C)c(CP(C2CCCCC2)C2CCCCC2)n1-c1c(C(C)C)cccc1C(C)C.[I-]
2-(2'-di-tert-butylphosphine)biphenylpalladium(ii) acetate	CC(=O)O.CC(C)(C)P(c1ccccc1-c1[c-]cccc1)C(C)(C)C.[Pd]
2-(2-benzoylhydrazine-1-carbonyl)-1-benzylpyrrolidine 1-oxide	O=C(NNC(=O)C1CCC[N+]1([O-])Cc1ccccc1)c1ccccc1
2-(4-methoxybenzylidene)-n-phenylhydrazinecarbothioamide	COc1ccc(C=NNC(=S)Nc2ccccc2)cc1
2-(di-tert-butylphosphino)-n,n-diisopropyl-5,6-dimethyl-1h-benzo[d]imidazole-1-carboxamide	Cc1cc2nc(P(C(C)(C)C)C(C)(C)C)n(C(=O)N(C(C)C)C(C)C)c2cc1C
2-(dicyclohexylphosphino)-2'-methylbiphenyl	Cc1ccccc1-c1ccccc1P(C1CCCCC1)C1CCCCC1
2-(diphenylphosphinyl)-benzaldoxime	O=P(c1ccccc1)(c1ccccc1)c1ccccc1C=NO
2-(hydroxymethyl)benzoic acid	O=C(O)c1ccccc1CO
2-[2-(diphenylphosphino)phenyl]-4,4-dimethyl-4,5-dihydro-1,3-oxazole	CC1(C)COC(c2ccccc2P(c2ccccc2)c2ccccc2)=N1
2-amino-4(3h)-quinazolinone	Nc1nc2ccccc2c(=O)[nH]1
2-amino-phenol	Nc1ccccc1O
2-chloropyridine-n-oxide	[O-][n+]1ccccc1Cl
2-di-tertbutylphosphino-3,4,5,6-tetramethyl-2',4',6'-triisopropyl-1,1'-biphenyl	Cc1c(C)c(C)c(P(C(C)(C)C)C(C)(C)C)c(-c2c(C(C)C)cc(C(C)C)cc2C(C)C)c1C
2-dicyclohexylphosphino-2',6'-dimethoxybiphenyl	COc1cccc(OC)c1-c1ccccc1P(C1CCCCC1)C1CCCCC1
2-hydroxy-pyridine n-oxide	[O-][n+]1ccccc1O
2-mesitylmagnesium bromide	Cc1cc(C)[c]([Mg][Br])c(C)c1
2-methyl-4'-nitro-1,1'-biphenyl	Cc1ccccc1-c1ccc([N+](=O)[O-])cc1
2-methyl-8-quinolinol	Cc1ccc2cccc(O)c2n1
2-methyl-propan-1-ol	CC(C)CO
2-methyltetrahydrofuran	CC1CCCO1
2-phenyl-1,3,2-dioxaborinane	c1ccc(B2OCCCO2)cc1
2-phenyl-2-(4-phenyl-1h-1,2,3-triazol-1-yl)ethan-1-ol	OCC(c1ccccc1)n1cc(-c2ccccc2)nn1
2-picolinic acid	O=C(O)c1ccccn1
3 a molecular sieve	O=[Si]([O-])[O-].O=[Si]([O-])[O-].[Al+3].[Na+]
3 wtpercent graphite oxide	Graphene oxide (GO)
3,5-bis(trifluoromethyl)phenylammonium hexafluorophosphate	F[P-](F)(F)(F)(F)F.[NH3+]c1cc(C(F)(F)F)cc(C(F)(F)F)c1
3,5-di-tert-butylbenzoic acid	CC(C)(C)c1cc(C(=O)O)cc(C(C)(C)C)c1
3-((1r,2r)-2-(piperidin-1-yl)cyclohexylamino)-4-(4-(trifluoromethyl)phenylamino)cyclobut-3-ene-1,2-dione	O=c1c(Nc2ccc(C(F)(F)F)cc2)c(N[C@@H]2CCCC[C@H]2N2CCCCC2)c1=O
3-((3,5-bis(trifluoromethyl)phenyl)amino)-4-(((s)-(6-methoxyquinoline-4-yl))((1s,2s,4s,5r-5-vinylquinuclidine-2-yl)methyl)amino)cyclobutan-3-ene-1,2-dione	C=CC1CN2CCC1C[C@@H]2[C@@H](Nc1c(Nc2cc(C(F)(F)F)cc(C(F)(F)F)c2)c(=O)c1=O)c1ccnc2ccc(OC)cc12
3-(3,5-bis-trifluoromethyl-phenylamino)-4-{[(s)-(6-methoxy-quinolin-4-yl)-((r)-5-vinyl-1-aza-bicyclo[2.2.2]oct-2-yl)-methyl]-amino}-cyclobut-3-ene-1,2-dione	C=CC1CN2CCC1C[C@@H]2[C@@H](Nc1c(Nc2cc(C(F)(F)F)cc(C(F)(F)F)c2)c(=O)c1=O)c1ccnc2ccc(OC)cc12
3-(diphenylphosphino)propionic acid	O=C(O)CCP(c1ccccc1)c1ccccc1
3-acetylcoumarin	CC(=O)c1cc2ccccc2oc1=O
3-chloro-benzenecarboperoxoic acid	O=C(OO)c1cccc(Cl)c1
3-diphenylphosphino-2-(diphenylphosphino)methyl-2-methylpropyl acetate	CC(=O)OCC(C)(CP(c1ccccc1)c1ccccc1)CP(c1ccccc1)c1ccccc1
3-mercaptopropionic acid	O=C(O)CCS
3-tert-butyl-5-methyl-1-(2-(diphenylphosphino)phenyl)-1h-pyrazole	Cc1cc(C(C)(C)C)nn1-c1ccccc1P(c1ccccc1)c1ccccc1
3percent tfa	O=C(O)C(F)(F)F
4 a molecular sieve	O=[Si]([O-])[O-].O=[Si]([O-])[O-].[Al+3].[Na+]
4,4'-di-tert-butyl-2,2'-bipyridine	CC(C)(C)c1ccnc(-c2cc(C(C)(C)C)ccn2)c1
4,5-bis(diphenylphosphino)-9,9-dimethylxanthene	CC1(C)c2cccc(P(c3ccccc3)c3ccccc3)c2Oc2c(P(c3ccccc3)c3ccccc3)cccc21
4-dimethylaminopyridine	CN(C)c1ccncc1
4-fluorobenzoic acid	O=C(O)c1ccc(F)cc1
4-methoxy-n-(1-(naphthalen-2-yl)ethylidene)aniline	COc1ccc(N=C(C)c2ccc3ccccc3c2)cc1
4-methyl-morpholine	CN1CCOCC1
4-methylpyridine	Cc1ccncc1
4-n-butyl-4-(3-sulfopropyl)thiomorpholinium 1,1-dioxide trifluoromethane sulfonate	CCCC[N+]1(CCCS(=O)(=O)O)CCS(=O)(=O)CC1.O=S(=O)([O-])C(F)(F)F
4-nitro-benzoic acid	O=C(O)c1ccc([N+](=O)[O-])cc1
4-nitrophthalic acid	O=C(O)c1ccc([N+](=O)[O-])cc1C(=O)O
4-sulfophthalic acid	O=C(O)c1ccc(S(=O)(=O)O)cc1C(=O)O
5%-palladium/activated carbon	C.[Pd]
5,5-dimethyl-1,3-cyclohexadiene	CC1(C)C=CC=CC1
5a molecular sieve	O=[Si]([O-])[O-].O=[Si]([O-])[O-].[Al+3].[Na+]
8-hydroxyquinoline-n-oxide	[O-][n+]1cccc2cccc(O)c21
8-quinolinol	Oc1cccc2cccnc12
9-borabicyclo[3.3.1]nonane dimer	C1CC2CCCC(C1)B2B1C2CCCC1CCC2
[(1,3-(2,6-diisopropylphenyl)imidazol-2-ylidene)(3-chloropyridyl)palladium(ii) dichloride]	CC(C)c1cccc(C(C)C)c1N1[C-2]N(c2c(C(C)C)cccc2C(C)C)CC1.Clc1cccn[c]1[Pd+].[Cl-].[Cl-]
[(1s)-7,7-dimethyl-2-oxobicyclo[2.2.1]hept-1-yl]methanesulfonic acid	CC1(C)C2CC[C@@]1(CS(=O)(=O)O)C(=O)C2
[(2-di-cyclohexylphosphino-3,6-dimethoxy-2-,4-,6--triisopropyl-1,1--biphenyl)-2-(2--amino-1,1--biphenyl)]palladium(ii) methanesulfonate	[(2-di-cyclohexylphosphino-3,6-dimethoxy-2-,4-,6--triisopropyl-1,1--biphenyl)-2-(2--amino-1,1--biphenyl)]palladium(II) methanesulfonate
[1,1'-bis(diphenylphosphino)ferrocene]nickel(ii) chloride	[Cl-].[Cl-].[Fe+2].[Ni+2].c1ccc([PH+](c2ccccc2)c2ccc[cH-]2)cc1.c1ccc([PH+](c2ccccc2)c2ccc[cH-]2)cc1
[1,3-bis(2,6-diisoheptylphenyl)-4,5-dichloroimidazol-2-ylidene](3-chloropyridyl)palladium(ii) dichloride	CC(C)CCCCc1cccc(CCCCC(C)C)c1-n1c(Cl)c(Cl)n(-c2c(CCCCC(C)C)cccc2CCCCC(C)C)[c]1=[Pd-][c]1ncccc1Cl.[Cl-].[Cl-]
[1,3-bis(2,6-diisopentylphenyl)-4,5-dichloroimidazol-2-ylidene](3-chloropyridyl)palladium(ii) dichloride	CC(C)CCc1cccc(CCC(C)C)c1-n1c(Cl)c(Cl)n(-c2c(CCC(C)C)cccc2CCC(C)C)[c]1=[Pd-][c]1ncccc1Cl.[Cl-].[Cl-]
[1,3-bis(2,6-diisopropyl-phenyl)imidazol-2-ylidene](3-chloropyridyl)-palladium(ii) dichloride	CC(C)c1cccc(C(C)C)c1-n1ccn(-c2c(C(C)C)cccc2C(C)C)[c]1=[Pd-][c]1ncccc1Cl.[Cl-].[Cl-]
[1,3-bis(2,6-diisopropylphenyl)imidazol-2-yl-isoquinolin-2-yl]palladium dichloride	CC(C)c1cccc(C(C)C)c1N1C=CN(c2c(C(C)C)cccc2C(C)C)C1C1[N-]C=Cc2ccccc21.[Cl-].[Cl-].[Pd+3]
[1,3-bis(2,6-diisopropylphenyl)imidazol-2-ylidene](3-chloropyridyl) palladium(ii) dichloride	CC(C)c1cccc(C(C)C)c1-n1ccn(-c2c(C(C)C)cccc2C(C)C)[c]1=[Pd-][c]1ncccc1Cl.[Cl-].[Cl-]
[1,3-bis(2,6-diisopropylphenyl)imidazol-2-ylidene](3-chloropyridyl)palladium(ii) dichloride	CC(C)c1cccc(C(C)C)c1-n1ccn(-c2c(C(C)C)cccc2C(C)C)[c]1=[Pd-][c]1ncccc1Cl.[Cl-].[Cl-]
[1,3-bis(2,6-diisopropylphenyl)imidazol-2-ylidene](3chloro-pyridyl)palladium(ii) dichloride	CC(C)c1cccc(C(C)C)c1-n1ccn(-c2c(C(C)C)cccc2C(C)C)[c]1=[Pd-][c]1ncccc1Cl.[Cl-].[Cl-]
[1,3-bis(diphenylphosphino)propane]nickel(ii) dichloride	[Cl-].[Cl-].[Ni+2].c1ccc([PH+](CCC[PH+](c2ccccc2)c2ccccc2)c2ccccc2)cc1
[2,2]bipyridinyl	c1ccc(-c2ccccn2)nc1
[bis(acetoxy)iodo]benzene	CC(=O)O[IH2](OC(C)=O)c1ccccc1
[d3]acetonitrile	CC#N
[pd(ipr)(acac)cl]	[Pd(IPr)(acac)Cl]
[pd(ipr*)(acac)cl]	[Pd(IPr)(acac)Cl]
acetic acid	CC(=O)O
acetic anhydride	CC(=O)OC(C)=O
acetone	CC(C)=O
acetonitrile	CC#N
acetyl chloride	CC(=O)Cl
acetylacetone	CC(=O)CC(C)=O
acoh	CC(=O)O
agotf	O=S(=O)([O-])C(F)(F)F.[Ag+]
air	COc1cc(CCN2CCN(CCCCOc3ccccc3C3(C(C)C)Sc4ccccc4N(C)C3=O)CC2)cc(OC)c1OC.Cl.Cl
alginic acid	COC1OC(C(=O)O)C(OC2OC(C(=O)O)C(OC)C(O)C2O)C(O)C1O
alpha,alpha,alpha-trifluorotoluene	FC(F)(F)c1ccccc1
aluminium	[Al]
aluminium bromide	[Al+3].[Br-].[Br-].[Br-]
aluminium trichloride	[Al+3].[Cl-].[Cl-].[Cl-]
aluminium(iii) triflate	O=S(=O)([O-])C(F)(F)F.O=S(=O)([O-])C(F)(F)F.O=S(=O)([O-])C(F)(F)F.[Al+3]
aluminum (iii) chloride	[Al+3].[Cl-].[Cl-].[Cl-]
aluminum chloride	[Al+3].[Cl-].[Cl-].[Cl-]
aluminum oxide	[Al+3].[Al+3].[O-2].[O-2].[O-2]
aluminum tri-bromide	[Al+3].[Br-].[Br-].[Br-]
amberlite ir 120	O=C(O)c1cccc(NS(=O)(=O)c2cccc(Cl)c2)c1
amberlyst 15	COCCBr
amberlyst sulfonic acid form	Amberlyst-15
amberlyst-15	Amberlyst-15
aminosulfonic acid	NS(=O)(=O)O
ammonia	N
ammonium acetate	CC(=O)[O-].[NH4+]
ammonium cerium (iv) nitrate	O=[N+]([O-])[O-].O=[N+]([O-])[O-].O=[N+]([O-])[O-].O=[N+]([O-])[O-].O=[N+]([O-])[O-].[Ce+4].[NH4+]
ammonium cerium(iv) nitrate	O=[N+]([O-])[O-].O=[N+]([O-])[O-].O=[N+]([O-])[O-].O=[N+]([O-])[O-].O=[N+]([O-])[O-].[Ce+4].[NH4+]
ammonium chloride	[Cl-].[NH4+]
ammonium formate	O=C[O-].[NH4+]
ammonium hydroxide	[NH4+].[OH-]
ammonium niobium oxalate	O=C([O-])C(=O)[O-].O=C([O-])C(=O)[O-].O=C([O-])C(=O)[O-].[NH4+].[Nb+5]
antimony(iii) chloride	[Cl][Sb]([Cl])[Cl]
antimony(iii) sulfate	O=S(=O)([O-])[O-].O=S(=O)([O-])[O-].O=S(=O)([O-])[O-].[Sb+3].[Sb+3]
antimonypentachloride	[Cl][Sb]([Cl])([Cl])([Cl])[Cl]
aq. acetate buffer	CC(=O)O.CC(=O)[O-].[Na+]
aq. buffer	aq. buffer
aq. phosphate buffer	aq. phosphate buffer
ascorbic acid	O=C1O[C@H]([C@@H](O)CO)C(O)=C1O
barium bis(bis(trimethylsilyl)amide)	C[Si](C)(C)[N-][Si](C)(C)C.C[Si](C)(C)[N-][Si](C)(C)C.[Ba+2]
benzene	c1ccccc1
benzene-d6	c1ccccc1
benzoic acid	O=C(O)c1ccccc1
benzoic acid n'-isopropylhydrazide hydrochloride	CC(C)NNC(=O)c1ccccc1.Cl
benzotriazol-1-ol	On1nnc2ccccc21
beta-cyclodextrin	OCC1OC2OC3C(CO)OC(OC4C(CO)OC(OC5C(CO)OC(OC6C(CO)OC(OC7C(CO)OC(OC8C(CO)OC(OC1C(O)C2O)C(O)C8O)C(O)C7O)C(O)C6O)C(O)C5O)C(O)C4O)C(O)C3O
bis(1,5-cyclooctadiene)diiridium(i) dichloride	C1=CCCC=CCC1.C1=CCCC=CCC1.[Cl-].[Cl-].[Ir].[Ir]
bis(1,5-cyclooctadiene)nickel (0)	C1=CCCC=CCC1.C1=CCCC=CCC1.[Ni]
bis(1,5-cyclooctadiene)nickel(0)	C1=CCCC=CCC1.C1=CCCC=CCC1.[Ni]
bis(1,5-cyclooctadiene)rhodium(i) tetrafluoroborate	C1=CCCC=CCC1.C1=CCCC=CCC1.F[B-](F)(F)F.[Rh]
bis(1-adamantyl)phosphine oxide	O=[PH](C12CC3CC(CC(C3)C1)C2)C12CC3CC(CC(C3)C1)C2
bis(acetylacetonato)palladium(ii)	CC(=O)C=C(C)O.CC(=O)C=C(C)O.[Pd]
bis(cyclopentadienyl)titanium dichloride	[Cl-].[Cl-].[Ti+4].c1cc[cH-]c1.c1cc[cH-]c1
bis(dibenzylideneacetone)-palladium(0)	O=C(C=Cc1ccccc1)C=Cc1ccccc1.O=C(C=Cc1ccccc1)C=Cc1ccccc1.[Pd]
bis(tri-t-butylphosphine)palladium(0)	CC(C)(C)P(C(C)(C)C)C(C)(C)C.CC(C)(C)P(C(C)(C)C)C(C)(C)C.[Pd]
bis(tri-tert-butylphosphine)palladium(0)	CC(C)(C)P(C(C)(C)C)C(C)(C)C.CC(C)(C)P(C(C)(C)C)C(C)(C)C.[Pd]
bis(tricyclohexylphosphine)nickel(ii) dichloride	C1CCC(P(C2CCCCC2)C2CCCCC2)CC1.C1CCC(P(C2CCCCC2)C2CCCCC2)CC1.[Cl-].[Cl-].[Ni+2]
bis(trifluoromethane)sulfonimide lithium	O=S(=O)([N-]S(=O)(=O)C(F)(F)F)C(F)(F)F.[Li+]
bis(trifluoromethanesulfonyl)amide	O=S(=O)([N-]S(=O)(=O)C(F)(F)F)C(F)(F)F
bis(triphenylphosphine)nickel(ii) chloride	[Cl-].[Cl-].[Ni+2].c1ccc(P(c2ccccc2)c2ccccc2)cc1.c1ccc(P(c2ccccc2)c2ccccc2)cc1
bis(triphenylphosphine)palladium(ii) dichloride	[Cl-].[Cl-].[Pd+2].c1ccc(P(c2ccccc2)c2ccccc2)cc1.c1ccc(P(c2ccccc2)c2ccccc2)cc1
bis-[(trifluoroacetoxy)iodo]benzene	O=C(O[IH]c1ccccc1[IH]OC(=O)C(F)(F)F)C(F)(F)F
bis-triphenylphosphine-palladium(ii) chloride	[Cl-].[Cl-].[Pd+2].c1ccc(P(c2ccccc2)c2ccccc2)cc1.c1ccc(P(c2ccccc2)c2ccccc2)cc1
bis[(s)-4-(isopropyl)oxazoline-2-yl]-2-(thienyl)-ethene	CC(C)[C@H]1COC(C(=Cc2cccs2)C2=N[C@@H](C(C)C)CO2)=N1
bis[(s)-4-benzyloxazoline-2-yl]-2-(furyl)-ethene	C(=C(C1=N[C@@H](Cc2ccccc2)CO1)C1=N[C@@H](Cc2ccccc2)CO1)c1ccco1
bis[(s)-4-phenyloxazoline-2-yl]-2-(thienyl)-ethene	C(=C(C1=N[C@@H](c2ccccc2)CO1)C1=N[C@@H](c2ccccc2)CO1)c1cccs1
bis[2-(diphenylphosphino)phenyl] ether	c1ccc(P(c2ccccc2)c2ccccc2Oc2ccccc2P(c2ccccc2)c2ccccc2)cc1
bis[di-t-butyl(p-dimethylaminophenyl)phosphino]palladium (ii) dichloride	CN(C)c1ccc([PH-](C(C)(C)C)C(C)(C)C)cc1.CN(C)c1ccc([PH-](C(C)(C)C)C(C)(C)C)cc1.[Cl-].[Cl-].[Pd+2]
bis[tris(2-methylphenyl)phosphine]palladium	Cc1ccccc1P(c1ccccc1C)c1ccccc1C.Cc1ccccc1P(c1ccccc1C)c1ccccc1C.[Pd]
bismuth	[Bi]
bismuth(iii) chloride	[Cl][Bi]([Cl])[Cl]
bismuth(iii) nitrate	O=[N+]([O-])[O-].O=[N+]([O-])[O-].O=[N+]([O-])[O-].[Bi+3]
bismuth(iii) trifluoromethanesulfonate	O=S(=O)([O-])C(F)(F)F.O=S(=O)([O-])C(F)(F)F.O=S(=O)([O-])C(F)(F)F.[Bi+3]
bismuth(iii) vanadate	[Bi+3].[O-2].[O-2].[O-2].[O-2].[V+5]
borane pyridine	B.c1ccncc1
borane pyridine complex	B.c1ccncc1
boric acid	OB(O)O
boron tribromide	BrB(Br)Br
boron trichloride	ClB(Cl)Cl
boron trifluoride diethyl etherate	CCOCC.FB(F)F
brettphos precatalyst	COc1ccc(OC)c(P(C2CCCCC2)C2CCCCC2)c1-c1c(C(C)C)cc(C(C)C)cc1C(C)C.NCCc1[c-]cccc1.[Cl-].[Pd+2]
bromine	[Br]
bromobenzene	Brc1ccccc1
buta-1,3-diene	C=CC=C
butan-1-ol	CCCCO
butyl magnesium bromide	CCC[CH2][Mg][Br]
c18h14f6n2os	OC1Cc2ccccc2C1NC(=S)Nc1cc(C(F)(F)F)cc(C(F)(F)F)c1
c23h28n4	Cc1[nH]c(-c2ccccc2)nc1CC#N.Cl
c24h33o3p	C1=CC2CC1CC2COP(OCC1CC2C=CC1C2)OCC1CC2C=CC1C2
c24h40n2o3	CCCCCCCCCCOc1ccccc1NC(=O)OCCN1CCCCC1
c30h42n2	CC(C)=CCCC(C)=CCCC(C)=CCN1CCN(Cc2cccc3ccccc23)CC1
c33h48n4o4	CC(CCCC(C)C1CCC2C3CC=C4CC(O)CCC4(C)C3CCC12C)NCc1ccc([N+](=O)[O-])c2nonc12
cadmium sulphide	[Cd+2].[S-2]
cadmium(ii) acetate	CC(=O)[O-].CC(=O)[O-].[Cd+2]
cadmium(ii) chloride	[Cd+2].[Cl-].[Cl-]
caesium carbonate	O=C([O-])[O-].[Cs+].[Cs+]
caffeine, phosphoric acid	Cn1c(=O)c2c(ncn2C)n(C)c1=O.O=P(O)(O)O
calcium(ii) bis(trifluoromethanesulfonyl)imide	O=S(=O)([N-]S(=O)(=O)C(F)(F)F)C(F)(F)F.O=S(=O)([N-]S(=O)(=O)C(F)(F)F)C(F)(F)F.[Ca+2]
camphor-10-sulfonic acid	CC1(C)C2CCC1(CS(=O)(=O)O)C(=O)C2
carbon disulfide	S=C=S
carbon monoxide	[C]=O
carbonyl(pentamethylcyclopentadienyl)cobalt diiodide	Cc1c(C)c(C)[c-](C)c1C.[C-2]=O.[Co+5].[I-].[I-]
catacxium a	CCCCP(C12CC3CC(CC(C3)C1)C2)C12CC3CC(CC(C3)C1)C2
cerium(iii) chloride	[Ce+3].[Cl-].[Cl-].[Cl-]
cesium acetate	CC(=O)[O-].[Cs+]
cesium fluoride	[Cs+].[F-]
cesium hydroxide	[Cs+].[OH-]
cesium iodide	[Cs+].[I-]
cetyltrimethylammonim bromide	CCCCCCCCCCCCCCCC[N+](C)(C)C.[Br-]
cetyltrimethylammonium chloride	CCCCCCCCCCCCCCCC[N+](C)(C)C.[Cl-]
chloranil	O=C1C(Cl)=C(Cl)C(=O)C(Cl)=C1Cl
chloro(1,3-bis(pyridin-2-ylmethyl)imidazolylidene)nickel(ii) hexafluorophosphate	F[P-](F)(F)(F)(F)F.[Cl-].[Ni]=[c]1n(Cc2ccccn2)ccn1Cc1ccccn1
chloro(1,5-cyclooctadiene)rhodium(i) dimer	C1=CCCC=CCC1.C1=CCCC=CCC1.[Cl-].[Cl-].[Rh].[Rh]
chloro(2-dicyclohexylphosphino-2-,4-,6--triisopropyl-1,1--biphenyl)[2-(2--amino-1,1--biphenyl-)]palladium(ii)	chloro(2-dicyclohexylphosphino-2-,4-,6--triisopropyl-1,1--biphenyl)[2-(2--amino-1,1--biphenyl)]palladium(II)
chloro(2-dicyclohexylphosphino-2-,6--diisopropoxy-1,1--biphenyl)[2-(2--amino-1,1--biphenyl)]palladium(ii) 2nd generation	chloro(2-dicyclohexylphosphino-2-,6--di-i-propoxy-1,1--biphenyl)(2--amino-1,1--biphenyl-2-yl)-palladium(II)
chloro-trimethyl-silane	C[Si](C)(C)Cl
chloro[2-(dicyclohexylphosphino)-3 ,6-dimethoxy-2-,4-, 6--triisopropyl- 1,1--biphenyl] [2-(2-aminoethyl)phenyl]palladium(ii)	chloro[2-(dicyclohexylphosphino)-3,6-dimethoxy-2-,4-,6--tri-1-propyl-1,1--biphenyl][2-(2-aminoethyl)phenyl]palladium(II)
chloro[2-(dicyclohexylphosphino)-3,6-dimethoxy-2-,4-,6--tri-1-propyl-1,1--biphenyl][2-(2-aminoethyl)phenyl]palladium(ii)	chloro[2-(dicyclohexylphosphino)-3,6-dimethoxy-2-,4-,6--tri-1-propyl-1,1--biphenyl][2-(2-aminoethyl)phenyl]palladium(II)
chlorobenzene	Clc1ccccc1
chloroform	ClC(Cl)Cl
chloroform-d1	ClC(Cl)Cl
chloroformic acid ethyl ester	CCOC(=O)Cl
choline chloride	C[N+](C)(C)CCO.[Cl-]
chromic(iii) sulfamate	NS(=O)(=O)[O-].NS(=O)(=O)[O-].NS(=O)(=O)[O-].[Cr+3]
chromium chloride	[Cl-].[Cl-].[Cl-].[Cr+3]
chromium dichloride	[Cl-].[Cl-].[Cr+2]
cobalt acetylacetonate	CC(=O)C=C(C)O.CC(=O)C=C(C)O.CC(=O)C=C(C)O.[Co]
cobalt(ii) bromide	[Br-].[Br-].[Co+2]
cobalt(ii) bromide-[1,2-bis(diphenylphosphino)ethane]	[Br-].[Br-].[Co+2].c1ccc(P(CCP(c2ccccc2)c2ccccc2)c2ccccc2)cc1
cobalt(ii) chloride	[Cl-].[Cl-].[Co+2]
cobalt(ii) iodide	[Co+2].[I-].[I-]
cobalt(ii) phthalocyanine	[Co+2].c1ccc2c(c1)-c1nc-2nc2[n-]c(nc3nc(nc4[n-]c(n1)c1ccccc41)-c1ccccc1-3)c1ccccc21
cobalt(iii) acetylacetonate	CC(=O)C=C(C)[O-].CC(=O)C=C(C)[O-].CC(=O)C=C(C)[O-].[Co+3]
cocl2	[Cl-].[Cl-].[Co+2]
copper	[Cu]
copper (ii)-fluoride	[Cu+2].[F-].[F-]
copper acetylacetonate	CC(=O)C=C(C)O.CC(=O)C=C(C)O.[Cu]
copper diacetate	CC(=O)[O-].CC(=O)[O-].[Cu+2]
copper dichloride	[Cl-].[Cl-].[Cu+2]
copper dipyridine dichloride	[Cl-].[Cl-].[Cu+2].c1ccncc1.c1ccncc1
copper phthalocyanine	[Cu].c1ccc2c(c1)C1=NC2=NC2=NC(=NC3=NC(=NC4=NC(=N1)c1ccccc14)c1ccccc13)c1ccccc12
copper(i) 2-hydroxy-3-methylbenzoate	Cc1cccc(C(=O)[O-])c1O.[Cu+]
copper(i) bromide	[Br-].[Cu+]
copper(i) chloride	[Cl-].[Cu+]
copper(i) cyanide	[C-]#N.[Cu+]
copper(i) cyanide di(lithium chloride)	copper(I) cyanide di(lithium chloride)
copper(i) cyanide*2 lithium chloride	copper(I) cyanide di(lithium chloride)
copper(i) iodide	[Cu+].[I-]
copper(i) oxide	[Cu+].[O-2]
copper(i) sulfide	[Cu+].[S-2]
copper(i) thiophene-2-carboxylate	O=C([O-])c1cccs1.[Cu+]
copper(ii) acetate	CC(=O)[O-].CC(=O)[O-].[Cu+2]
copper(ii) bis(trifluoromethanesulfonate)	O=S(=O)([O-])C(F)(F)F.O=S(=O)([O-])C(F)(F)F.[Cu+2]
copper(ii) bromide	[Br-].[Br-].[Cu+2]
copper(ii) ferrite	[Cu+2].[Fe+3].[Fe+3].[O-2].[O-2].[O-2].[O-2]
copper(ii) nitrate	O=[N+]([O-])[O-].O=[N+]([O-])[O-].[Cu+2]
copper(ii) oxide	[Cu+2].[O-2]
copper(ii) perchlorate	[Cu+2].[O-][Cl+3]([O-])([O-])[O-].[O-][Cl+3]([O-])([O-])[O-]
copper(ii) sulfate	O=S(=O)([O-])[O-].[Cu+2]
copper(ii) trifluoroacetate	O=C([O-])C(F)(F)F.O=C([O-])C(F)(F)F.[Cu+2]
copper(ii) tungstate	[Cu+2].[O-2].[O-2].[O-2].[O-2].[W+6]
cucn	[C-]#N.[Cu+]
cvt-2537	Cc1cccc(C)c1NC(=O)C(=O)O
cyclohexa-1,3-diene	C1=CCCC=C1
cyclohexane	C1CCCCC1
cyclopentyl methyl ether	COC1CCCC1
cyjohnphos	c1ccc(-c2ccccc2P(C2CCCCC2)C2CCCCC2)cc1
d(4)-methanol	CO
d-glucosamine hydrochloride	Cl.N[C@H]1C(O)O[C@H](CO)[C@@H](O)[C@@H]1O
d-glucose	O=C[C@H](O)[C@@H](O)[C@H](O)[C@H](O)CO
davephos	CN(C)c1ccccc1-c1ccccc1P(C1CCCCC1)C1CCCCC1
dbn	C1CN=C2CCCN2C1
dcm	ClCCl
decaborane	Decaborane
decalin	C1CCC2CCCCC2C1
decane	CCCCCCCCCC
dess-martin periodane	CC(=O)OI1(OC(C)=O)(OC(C)=O)OC(=O)c2ccccc21
di(1-adamantyl)-4-(n,n-dimethyl)amino-phenyl-phosphane trifluoroacetic acid	CN(C)c1ccc(P(C23CC4CC(CC(C4)C2)C3)C23CC4CC(CC(C4)C2)C3)cc1.O=C(O)C(F)(F)F
di(dicyclohexylamino)phenylphosphine	c1ccc(P(N(C2CCCCC2)C2CCCCC2)N(C2CCCCC2)C2CCCCC2)cc1
di-isopropyl ether	CC(C)OC(C)C
di-tert-butyl peroxide	CC(C)(C)OOC(C)(C)C
di-tert-butyl(2,2-diphenyl-1-methyl-1-cyclopropyl)phosphine	CC(C)(C)P(C(C)(C)C)C1(C)CC1(c1ccccc1)c1ccccc1
di-tert-butyl[dichloro({di-tert-butyl[4-(dimethylamino)phenyl]phosphaniumyl})palladio][4-(dimethylamino)phenyl]phosphanium	CN(C)c1ccc(P(C(C)(C)C)C(C)(C)C)cc1.CN(C)c1ccc(P(C(C)(C)C)C(C)(C)C)cc1.[Cl-].[Cl-].[Pd+4]
di-tert-butylneopentylphosphonium tetrafluoroborate	CC(C)(C)C[PH+](C(C)(C)C)C(C)(C)C.F[B-](F)(F)F
dibenzylphosphoramidous acid 1,1'-binaphthyl-2,2'-diyl ester	c1ccc(CN(Cc2ccccc2)p2oc3ccc4ccccc4c3c3c(ccc4ccccc43)o2)cc1
dibromobis(triphenylphosphine)nickel(ii)	[Br-].[Br-].[Ni+2].c1ccc(P(c2ccccc2)c2ccccc2)cc1.c1ccc(P(c2ccccc2)c2ccccc2)cc1
dibutyl diglyme	CCCCC(CCCC)OCCOCCOC
dibutyl ether	CCCCOCCCC
dibutyltin chloride	CCC[CH2][Sn]([Cl])([Cl])[CH2]CCC
dichloro(1,1'-bis(diphenylphosphanyl)ferrocene)palladium(ii)*ch2cl2	[CH]1[CH][CH][C](P(c2ccccc2)c2ccccc2)[CH]1.[CH]1[CH][CH][C](P(c2ccccc2)c2ccccc2)[CH]1.[Cl-].[Cl-].[Fe].[Pd+2]
dichloro(1,3-bis(2,6-bis(3-pentyl)phenyl)imidazolin-2-ylidene)(3-chloropyridyl)palladium(ii)	CCC(CC)c1cccc(C(CC)CC)c1N1[C-2]N(c2c(C(CC)CC)cccc2C(CC)CC)CC1.Clc1cccn[c]1[Pd+].[Cl-].[Cl-]
dichloro(pentamethylcyclopentadienyl)rhodium (iii) dimer	CC1C(C)C(C)C(C)C1C.CC1C(C)C(C)C(C)C1C.[Cl-].[Cl-].[Cl-].[Cl-].[Rh+2].[Rh+2]
dichloro[1,3-bis(2,6-di-3-pentylphenyl)imidazol-2-ylidene](3-chloropyridyl)palladium(ii)	CCC(CC)c1cccc(C(CC)CC)c1-n1ccn(-c2c(C(CC)CC)cccc2C(CC)CC)[c]1=[Pd-][c]1ncccc1Cl.[Cl-].[Cl-]
dichlorobis(tri-o-tolylphosphine)palladium	Cc1ccccc1P(c1ccccc1C)c1ccccc1C.Cc1ccccc1P(c1ccccc1C)c1ccccc1C.[Cl-].[Cl-].[Pd+2]
dichloromethane	ClCCl
dichloromethane-d2	ClCCl
dicobalt octacarbonyl	[C-]#[O+].[C-]#[O+].[C-]#[O+].[C-]#[O+].[C-]#[O+].[C-]#[O+].[C-]#[O+].[C-]#[O+].[Co+2].[Co+2]
dicyclohexyl-(2',6'-dimethoxybiphenyl-2-yl)-phosphane	COc1cccc(OC)c1-c1ccccc1P(C1CCCCC1)C1CCCCC1
dicyclohexyl[2-(1-pyrenyl)phenyl]phosphine	c1ccc(P(C2CCCCC2)C2CCCCC2)c(-c2ccc3ccc4cccc5ccc2c3c45)c1
dicyclohexylamino[(2,6-dimethyl)morpholin-4-yl]phenylphosphine	CC1CN(P(c2ccccc2)N(C2CCCCC2)C2CCCCC2)CC(C)O1
diethyl 2,6-dimethyl-1,4-dihydropyridine-3,5-dicarboxylate	CCOC(=O)C1=C(C)NC(C)=C(C(=O)OCC)C1
diethyl bicyclo[2.2.1]hept-2,5-diene-2,3-dicarboxylate	CCOC(=O)C1=C(C(=O)OCC)C2C=CC1C2
diethyl ether	CCOCC
diethylaluminium chloride	[Al+3].[CH2-]C.[CH2-]C.[Cl-]
diethylene glycol	OCCOCCO
diethylene glycol dimethyl ether	COCCOCCOC
diethylzinc	[CH2-]C.[CH2-]C.[Zn+2]
dihydrogen peroxide	OO
diisobutylaluminium hydride	[AlH+2].[CH2-]C(C)C.[CH2-]C(C)C
diisopropyl zinc	C[CH-]C.C[CH-]C.[Zn+2]
diisopropylamine	CC(C)NC(C)C
dilithium tetrachlorocuprate	[Cl-].[Cl-].[Cl-].[Cl-].[Cu+2].[Li+].[Li+]
dilithium tetrachlorocuprate(ii)	[Cl-].[Cl-].[Cl-].[Cl-].[Cu+2].[Li+].[Li+]
dimethyl ether	COC
dimethyl phosphite	COP([O-])OC
dimethyl sulfoxide	C[S+](C)[O-]
dimethyl zinc(ii)	[CH3-].[CH3-].[Zn+2]
dimethylaluminum chloride	[Al+3].[CH3-].[CH3-].[Cl-]
dimethylaminoacetic acid	CN(C)CC(=O)O
dimethylfumarate	C/C(C(=O)[O-])=C(/C)C(=O)[O-]
dimethylmonochlorosilane	C[SiH](C)Cl
dimethylphenylsilane	C[SiH](C)c1ccccc1
dimethylsulfide	CSC
dimethylsulfoxide-d6	C[S+](C)[O-]
dioxomolybdenum(vi) dichloride	[Cl-].[Cl-].[Mo+6].[O-2].[O-2]
diphenyl diselenide	c1ccc([Se][Se]c2ccccc2)cc1
diphenyl hydrogen phosphate	O=P(O)(Oc1ccccc1)Oc1ccccc1
diphenylether	c1ccc(Oc2ccccc2)cc1
diphenylphosphine oxide	O=[PH](c1ccccc1)c1ccccc1
diphenylsilane	c1ccc([SiH2]c2ccccc2)cc1
dirhodium tetraacetate	CC(=O)[O-].CC(=O)[O-].CC(=O)[O-].CC(=O)[O-].[Rh+3].[Rh+3]
dmap	CN(C)c1ccncc1
dmf	CN(C)C=O
dmf (n,n-dimethyl-formamide)	CN(C)C=O
dodecane	CCCCCCCCCCCC
dodecylbenzene-sulphonic acid	CCCCCCCCCCCCc1ccccc1S(=O)(=O)O
dodecylbenzenesulfonic acid	CCCCCCCCCCCCc1ccccc1S(=O)(=O)O
dpe-phos	c1ccc(P(c2ccccc2)c2ccccc2Oc2ccccc2P(c2ccccc2)c2ccccc2)cc1
epichlorohydrin	ClCC1CO1
erbium(iii) triflate	O=S(=O)([O-])C(F)(F)F.O=S(=O)([O-])C(F)(F)F.O=S(=O)([O-])C(F)(F)F.[Er+3]
ethane-1,2-disulphonic acid	O=S(=O)(O)CCS(=O)(=O)O
ethanol	CCO
ethyl acetate	CCOC(C)=O
ethyl bromide	CCBr
ethylaluminum dichloride	[Al+3].[CH2-]C.[Cl-].[Cl-]
ethylbenzene	CCc1ccccc1
ethylene dibromide	BrCCBr
ethylene glycol	OCCO
ethylenediamine	NCCN
ethylmagnesium bromide	C[CH2][Mg][Br]
eu(fod)3	CC(C)(C)C(O)=CC(=O)C(F)(F)C(F)(F)C(F)(F)F.CC(C)(C)C(O)=CC(=O)C(F)(F)C(F)(F)C(F)(F)F.CC(C)(C)C(O)=CC(=O)C(F)(F)C(F)(F)C(F)(F)F.[Eu]
ferric chloride	[Cl-].[Cl-].[Cl-].[Fe+3]
ferric hydrogen sulphate	O=S(=O)([O-])O.O=S(=O)([O-])O.O=S(=O)([O-])O.[Fe+3]
ferric(iii) bromide	[Br-].[Br-].[Br-].[Fe+3]
ferroceniumboronic acid hexafluoroantimonate salt	C1=CCC=C1.[F][Sb-]([F])([F])([F])([F])[F].[Fe+2].[O-]B(O)C1C=CC=C1
ferrous ammonium sulphate	O=S(=O)([O-])[O-].O=S(=O)([O-])[O-].[Fe+2].[NH4+].[NH4+]
ferrous iodide	[Fe+2].[I-].[I-]
fluorobenzene	Fc1ccccc1
formic acid	O=CO
gallium(iii) trichloride	[Cl-].[Cl-].[Cl-].[Ga+3]
gallium(iii) triflate	O=S(=O)([O-])C(F)(F)F.O=S(=O)([O-])C(F)(F)F.O=S(=O)([O-])C(F)(F)F.[Ga+3]
gluconic acid	O=C(O)[C@H](O)[C@@H](O)[C@H](O)[C@H](O)CO
glycerol	OCC(O)CO
gold(iii) chloride	[Au+3].[Cl-].[Cl-].[Cl-]
graphene oxide	Graphene oxide (GO)
graphene oxide (go)	Graphene oxide (GO)
hafnium tetrakis(trifluoromethanesulfonate)	O=S(=O)([O-])C(F)(F)F.O=S(=O)([O-])C(F)(F)F.O=S(=O)([O-])C(F)(F)F.O=S(=O)([O-])C(F)(F)F.[Hf+4]
hafnium(iv) trifluoromethanesulfonate	O=S(=O)([O-])C(F)(F)F.O=S(=O)([O-])C(F)(F)F.O=S(=O)([O-])C(F)(F)F.O=S(=O)([O-])C(F)(F)F.[Hf+4]
hexafluoroisopropanol	OC(C(F)(F)F)C(F)(F)F
hexamethylenetetramine	C1N2CN3CN1CN(C2)C3
hexane	CCCCCC
hexanes	CCCC(C)C
hippuric acid	O=C(O)CNC(=O)c1ccccc1
hydrogen	[HH]
hydrogen bromide	Br
hydrogenchloride	Cl
hydroquinone	Oc1ccc(O)cc1
hydroxylamine hydrochloride	Cl.NO
indan-1,2,3-trione	O=c1c(=O)c2ccccc2c1=O
indium	[In]
indium(iii) bromide	[Br-].[Br-].[Br-].[In+3]
indium(iii) chloride	[Cl-].[Cl-].[Cl-].[In+3]
indium(iii) tosylate	Cc1ccc(S(=O)(=O)[O-])cc1.Cc1ccc(S(=O)(=O)[O-])cc1.Cc1ccc(S(=O)(=O)[O-])cc1.[In+3]
indium(iii) triflate	O=S(=O)([O-])C(F)(F)F.O=S(=O)([O-])C(F)(F)F.O=S(=O)([O-])C(F)(F)F.[In+3]
indium(iii) trifluoride	[F-].[F-].[F-].[In+3]
iodine	[I]
iodobenzene	Ic1ccccc1
iron	[Fe]
iron (iii) chloride	[Cl-].[Cl-].[Cl-].[Fe+3]
iron oxide	[Fe+2].[O-2]
iron(ii) acetate	CC(=O)[O-].CC(=O)[O-].[Fe+2]
iron(ii) acetylacetonate	CC(=O)C=C(C)[O-].CC(=O)C=C(C)[O-].[Fe+2]
iron(ii) bromide	[Br-].[Br-].[Fe+2]
iron(ii) chloride	[Cl-].[Cl-].[Fe+2]
iron(ii) sulfate	O=S(=O)([O-])[O-].[Fe+2]
iron(ii) triflate	O=S(=O)([O-])C(F)(F)F.O=S(=O)([O-])C(F)(F)F.[Fe+2]
iron(ii,iii) oxide	[Fe+2].[Fe+3].[Fe+3].[O-2].[O-2].[O-2].[O-2]
iron(iii) acetylacetonate	CC(=O)C=C(C)[O-].CC(=O)C=C(C)[O-].CC(=O)C=C(C)[O-].[Fe+3]
iron(iii) chloride	[Cl-].[Cl-].[Cl-].[Fe+3]
iron(iii) dodecane-1-sulfonate	CCCCCCCCCCCCS(=O)(=O)[O-].CCCCCCCCCCCCS(=O)(=O)[O-].CCCCCCCCCCCCS(=O)(=O)[O-].[Fe+3]
iron(iii) oxide	[Fe+3].[Fe+3].[O-2].[O-2].[O-2]
iron(iii) perchlorate	[Fe+3].[O-][Cl+3]([O-])([O-])[O-].[O-][Cl+3]([O-])([O-])[O-].[O-][Cl+3]([O-])([O-])[O-]
iron(iii) phosphate	O=P([O-])([O-])[O-].[Fe+3]
iron(iii) sulfate	O=S(=O)([O-])[O-].O=S(=O)([O-])[O-].O=S(=O)([O-])[O-].[Fe+3].[Fe+3]
iron(iii) trifluoride	[F-].[F-].[F-].[Fe+3]
iron(iii) trifluoromethanesulfonate	O=S(=O)([O-])C(F)(F)F.O=S(=O)([O-])C(F)(F)F.O=S(=O)([O-])C(F)(F)F.[Fe+3]
iron(iii)-acetylacetonate	CC(=O)C=C(C)[O-].CC(=O)C=C(C)[O-].CC(=O)C=C(C)[O-].[Fe+3]
iso-butanol	CC(C)CO
isopentyl nitrite	CC(C)CCON=O
isoprene	C=CC(=C)C
isopropyl acetate	CC(=O)OC(C)C
isopropyl alcohol	CC(C)O
isopropylamide	CC(C)[NH-]
isopropylmagnesium bromide	C[CH](C)[Mg][Br]
isopropylmagnesium chloride	C[CH](C)[Mg][Cl]
isoquinoline	c1ccc2cnccc2c1
johnphos	CC(C)(C)P(c1ccccc1-c1ccccc1)C(C)(C)C
kaolin	O.O.O=[Si]([O-])O[Si](=O)[O-].[Al+3].[Al+3].[O-2].[O-2]
l-proline	O=C(O)[C@@H]1CCCN1
laccase	CCC(C)C(NC(=O)C(CCC(N)=O)NC(=O)C(CCC(=O)O)NC(=O)C(C)NC(=O)C(CC(=O)O)NC(=O)C(CC(=O)O)NC(=O)C(CC(=O)O)NC(=O)C(NC(=O)C(C)N)C(C)C)C(=O)N1CCCC1C(=O)O
langlois reagent	O=S([O-])C(F)(F)F.[Na+]
lanthanum(iii) oxide	[La+3].[La+3].[O-2].[O-2].[O-2]
lauric acid	CCCCCCCCCCCC(=O)O
lawessons reagent	COc1ccc(P2(=S)SP(=S)(c3ccc(OC)cc3)S2)cc1
lead(iv) acetate	CC(=O)[O-].CC(=O)[O-].CC(=O)[O-].CC(=O)[O-].[Pb+4]
lithium	[Li+]
lithium 1,1,1,3,3,3-hexamethyldisilazide	C[Si](C)(C)[N-][Si](C)(C)C.[Li+]
lithium aluminium tetrahydride	[AlH4-].[Li+]
lithium bromide	[Br-].[Li+]
lithium chloride	[Cl-].[Li+]
lithium copper bromide	[Br-].[Br-].[Cu+2].[Li+]
lithium diisopropyl amide	CC(C)[N-]C(C)C.[Li+]
lithium ethane-1,2-diylbis((2,6-diisopropylphenyl)amide)	CC(C)c1cccc(C(C)C)c1[N-]CC[N-]c1c(C(C)C)cccc1C(C)C.[Li+].[Li+]
lithium hexamethyldisilazane	[CH2-][Si](C)(C)N[Si](C)(C)C.[Li+]
lithium hydroxide	[Li+].[OH-]
lithium iodide	[I-].[Li+]
lithium methanolate	C[O-].[Li+]
lithium pentane-2,4-dionate	CC(=O)CC(=O)C(=O)[O-].[Li+]
lithium perchlorate	[Li+].[O-][Cl+3]([O-])([O-])[O-]
lithium perfluorooctane sulfonate	O=S(=O)([O-])C(F)(F)C(F)(F)C(F)(F)C(F)(F)C(F)(F)C(F)(F)C(F)(F)C(F)(F)F.[Li+]
lithium tert-butoxide	CC(C)(C)[O-].[Li+]
lithium tetrachlorocuprate	[Cl-].[Cl-].[Cl-].[Cl-].[Cu+2].[Li+].[Li+]
lithium trifluoromethanesulfonate	O=S(=O)([O-])C(F)(F)F.[Li+]
m-xylene	Cc1cccc(C)c1
magnesium	[Mg+2]
magnesium bromide	[Br-].[Br-].[Mg+2]
magnesium bromide ethyl etherate	CCOCC.[Br-].[Br-].[Mg+2]
magnesium chloride	[Cl-].[Cl-].[Mg+2]
magnesium fluoride	[F-].[F-].[Mg+2]
magnesium iodide	[I-].[I-].[Mg+2]
magnesium sulfate	O=S(=O)([O-])[O-].[Mg+2]
manganese	[Mn]
manganese(ii) chloride	[Cl-].[Cl-].[Mn+2]
manganese(iv) oxide	[Mn+4].[O-2].[O-2]
meoh	CO
mercury dichloride	[Cl][Hg][Cl]
metformin hydrochloride	CN(C)C(=N)N=C(N)N.Cl
methanesulfonic acid	CS(=O)(=O)O
methanol	CO
methoxybenzene	COc1ccccc1
methyl iodide	CI
methyl magnesium iodide	[CH3][Mg][I]
methyl-alpha-d-glucopyranoside	COC1OC(CO)C(O)C(O)C1O
methylaluminum dichloride	[Al+3].[CH3-].[Cl-].[Cl-]
methylalumoxane	[Al+3].[CH2-]CCC[O-].[CH3-]
methylamine	CN
methylmagnesium bromide	[CH3][Mg][Br]
methylmagnesium chloride	[CH3][Mg][Cl]
methyltrioxorhenium(vii)	[CH3-].[O-2].[O-2].[O-2].[Re+7]
molecular sieve	O=[Si]([O-])[O-].O=[Si]([O-])[O-].[Al+3].[Na+]
monoethylene glycol diethyl ether	CCOCCOCC
monophosphine 1,2,3,4,5-pentaphenyl-1'-(di-tert-butylphosphino)ferrocene	CC(C)(C)P([c-]1cccc1)C(C)(C)C.P.[Fe+2].c1ccc(-c2c(-c3ccccc3)c(-c3ccccc3)[c-](-c3ccccc3)c2-c2ccccc2)cc1
montmorillonite	O.O=[Si]=O.O=[Si]=O.O=[Si]=O.O=[Si]=O.[Al+3].[Al+3].[O-2].[O-2].[O-2]
montmorillonite k-10	O.O=[Si]=O.O=[Si]=O.O=[Si]=O.O=[Si]=O.[Al+3].[Al+3].[O-2].[O-2].[O-2]
n',n'-diphenyl-1h-pyrrole-2-carbohydrazide	O=C(NN(c1ccccc1)c1ccccc1)c1ccc[nH]1
n'-(beta-d-glucopyranosyl)-p-toluenesulfonohydrazide	Cc1ccc(S(=O)(=O)NN[C@@H]2O[C@H](CO)[C@@H](O)[C@H](O)[C@H]2O)cc1
n'-(beta-d-xylopyranosyl)-4-methylbenzenesulfonohydrazide	Cc1ccc(S(=O)(=O)NN[C@@H]2OC[C@@H](O)[C@H](O)[C@H]2O)cc1
n,n'-bis(3,5-bis(trifluoromethyl)benzyl)-2-nitroethene-1,1-diamine	O=[N+]([O-])C=C(NCc1cc(C(F)(F)F)cc(C(F)(F)F)c1)NCc1cc(C(F)(F)F)cc(C(F)(F)F)c1
n,n'-diethylurea	CCNC(=O)NCC
n,n,n',n'-tetramethylguanidine	CN(C)C(=N)N(C)C
n,n,n,n,-tetramethylethylenediamine	CN(C)CCN(C)C
n,n,n,n,n,n-hexamethylphosphoric triamide	CN(C)P(=O)(N(C)C)N(C)C
n,n,n,n-tetraethylammonium tetrafluoroborate	CC[N+](CC)(CC)CC.F[B-](F)(F)F
n,n-dimethyl acetamide	CC(=O)N(C)C
n,n-dimethyl-2-(diphenylphosphino)aniline	CN(C)c1ccccc1P(c1ccccc1)c1ccccc1
n,n-dimethyl-formamide	CN(C)C=O
n,n-dimethyl-formamide dimethyl acetal	COC(OC)N(C)C
n,n-dimethylethylenediamine	CN(C)CCN
n,n`-dimethylethylenediamine	CNCCNC
n-(pyrid-2-yl)benzamide	O=C(Nc1ccccn1)c1ccccc1
n-(trifluoromethanesulfonyl)phosphoramidic acid diphenyl ester	O=P(NS(=O)(=O)C(F)(F)F)(Oc1ccccc1)Oc1ccccc1
n-[(perfluorobutyl)sulfonyl]-3-{n-[(perfluorobutyl)sulfonyl]sulfamoyl}benzamide	O=C(NS(=O)(=O)C(F)(F)C(F)(F)C(F)(F)C(F)(F)F)c1cccc(S(=O)(=O)NS(=O)(=O)C(F)(F)C(F)(F)C(F)(F)C(F)(F)F)c1
n-[2-(di(1-adamantyl)phosphino)phenyl]morpholine	c1ccc(P(C23CC4CC(CC(C4)C2)C3)C23CC4CC(CC(C4)C2)C3)c(N2CCOCC2)c1
n-[phenyl(acetylamino)methyl]acetamide	CC(=O)NC(NC(C)=O)c1ccccc1
n-benzyl-n,n,n-triethylammonium chloride	CC[N+](CC)(CC)Cc1ccccc1.[Cl-]
n-benzyl-trimethylammonium hydroxide	C[N+](C)(C)Cc1ccccc1.[OH-]
n-bromosuccinimide	O=C1CCC(=O)N1Br
n-butyl magnesium bromide	CCC[CH2][Mg][Br]
n-butyllithium	[Li][CH2]CCC
n-butylzinc bromide	[Br-].[CH2-]CCC.[Zn+2]
n-ethyl-n,n-diisopropylamine	CCN(C(C)C)C(C)C
n-heptane	CCCCCCC
n-hexyllithium	[Li][CH2]CCCCC
n-iodo-succinimide	O=C1CCC(=O)N1I
n-methyl-ethane-1,2-diamine	CNCCN
n-methylcyclohexylamine	CNC1CCCCC1
n-n-butyl-2-pyrrolidinone	CCCCN1CCCC1=O
n-tetradecanoic acid	CCCCCCCCCCCCCC(=O)O
n-tetradecyl lactosamine	CCCCCCCCCCCCCCN[C@H]1C(O)O[C@H](CO)[C@@H](O[C@@H]2O[C@H](CO)[C@H](O)[C@H](O)[C@H]2O)[C@@H]1O
n1,n2-bis(2,4,6-trimethoxyphenyl)oxalamide	COc1cc(OC)c(NC(=O)C(=O)Nc2c(OC)cc(OC)cc2OC)c(OC)c1
n1,n2-bis(furan-2-ylmethyl)oxalamide	O=C(NCc1ccco1)C(=O)NCc1ccco1
n1,n3-bis[(2-phenyl-2h-1,2,3-triazol-4-yl)methyl]propane-1,3-diamine	c1ccc(-n2ncc(CNCCCNCc3cnn(-c4ccccc4)n3)n2)cc1
neat (no solvent)	neat (no solvent)
neat (no solvent, solid phase)	neat (no solvent)
neat liquid	neat (no solvent)
nickel	[Ni]
nickel diacetate	CC(=O)[O-].CC(=O)[O-].[Ni+2]
nickel dibromide	[Br-].[Br-].[Ni+2]
nickel dichloride	[Cl-].[Cl-].[Ni+2]
nickel(ii) acetate	CC(=O)[O-].CC(=O)[O-].[Ni+2]
nickel(ii) acetylacetonate	CC(=O)C=C(C)[O-].CC(=O)C=C(C)[O-].[Ni+2]
nickel(ii) bromide	[Br-].[Br-].[Ni+2]
nickel(ii) bromide dimethoxyethane	COCCOC.[Br-].[Br-].[Ni+2]
nickel(ii) chloride	[Cl-].[Cl-].[Ni+2]
nickel(ii) fluoride	[F-].[F-].[Ni+2]
nickel(ii) iodide	[I-].[I-].[Ni+2]
nickel(ii) oxide	[Ni+2].[O-2]
nickel(ii) perchlorate	[Ni+2].[O-][Cl+3]([O-])([O-])[O-].[O-][Cl+3]([O-])([O-])[O-]
nickel(ii) triflate	O=S(=O)([O-])C(F)(F)F.O=S(=O)([O-])C(F)(F)F.[Ni+2]
niobium pentachloride	[Cl-].[Cl-].[Cl-].[Cl-].[Cl-].[Nb+5]
niobium(v) methoxide	C[O-].C[O-].C[O-].C[O-].C[O-].[Nb+5]
nitrobenzene	O=[N+]([O-])c1ccccc1
nitroethane	CC[N+](=O)[O-]
nitromethane	C[N+](=O)[O-]
nitrosonium tetrafluoroborate	F[B-](F)(F)F.N#[O+]
norborn-2-ene	C1=CC2CCC1C2
o-benzenedisulfonimide	O=S1(=O)NS(=O)(=O)c2ccccc21
o-phenylenebis(diphenylphosphine)	c1ccc(P(c2ccccc2)c2ccccc2P(c2ccccc2)c2ccccc2)cc1
o-xylene	Cc1ccccc1C
octane	CCCCCCCC
otips-dalphos	CC(C)[Si](Oc1ccccc1P(C12CC3CC(CC(C3)C1)C2)C12CC3CC(CC(C3)C1)C2)(C(C)C)C(C)C
oxalic acid	O=C(O)C(=O)O
oxalyl dichloride	O=C(Cl)C(=O)Cl
oxygen	[O]
p-benzoquinone	O=C1C=CC(=O)C=C1
p-toluenesulfonic acid	Cc1ccc(S(=O)(=O)O)cc1
p-toluenesulfonyl chloride	Cc1ccc(S(=O)(=O)Cl)cc1
palladium	[Pd]
palladium 10% on activated carbon	C.[Pd]
palladium bis[bis(diphenylphosphino)ferrocene] dichloride	[CH]1[CH][CH][C](P(c2ccccc2)c2ccccc2)[CH]1.[CH]1[CH][CH][C](P(c2ccccc2)c2ccccc2)[CH]1.[Cl-].[Cl-].[Fe].[Pd+2]
palladium diacetate	CC(=O)[O-].CC(=O)[O-].[Pd+2]
palladium dichloride	[Cl-].[Cl-].[Pd+2]
palladium on activated charcoal	C.[Pd]
palladium on carbon	C.[Pd]
palladium(ii) acetylacetonate	CC(=O)C=C(C)O.CC(=O)C=C(C)O.[Pd]
palladium(ii) trifluoroacetate	O=C([O-])C(F)(F)F.O=C([O-])C(F)(F)F.[Pd+2]
palladium(ii) trimethylacetate	CC(C)(C)C(=O)[O-].CC(C)(C)C(=O)[O-].[Pd+2]
palladium/alumina	[Pd]
para-fluorostyrene	C=Cc1ccc(F)cc1
para-xylene	Cc1ccc(C)cc1
pd/c	C.[Pd]
pentafluorophenylboronic acid	OB(O)c1c(F)c(F)c(F)c(F)c1F
pentan-3-one	CCC(=O)CC
pentane	CCCCC
perchloric acid	[O-][Cl+3]([O-])([O-])O
perfluoropinacol	OC(C(F)(F)F)(C(F)(F)F)C(O)(C(F)(F)F)C(F)(F)F
perrhenic acid anhydride	[O-2].[O-2].[O-2].[O-2].[O-2].[O-2].[O-2].[Re+7].[Re+7]
petroleum ether	petroleum ether
phenanthroline	c1cnc2c(c1)ccc1cccnc12
phenol	Oc1ccccc1
phenylallylchloro-[1,3-bis(diisopropylphenyl)-2-imidazolidinylidene]palladium(ii)	CC(C)c1cccc(N2[C-2]N(c3cccc(C(C)C)c3C(C)C)CC2)c1C(C)C.CC=[C-]c1ccccc1.[Cl-].[Pd+2]
phenylsilane	[SiH3]c1ccccc1
phosphate buffer	aq. phosphate buffer
phospho sulphonic acid	O=[P+]([O-])S(=O)(=O)O
phosphonic acid diethyl ester	CCO[PH](=O)OCC
phosphoric acid	O=P(O)(O)O
phosphorus pentachloride	ClP(Cl)(Cl)(Cl)Cl
phosphorus pentoxide	O=[P+]([O-])O[P+](=O)[O-]
phosphorus trichloride	ClP(Cl)Cl
pipecolic acid	O=C(O)C1CCCCN1
piperidine	C1CCNCC1
platinum(iv) chloride	[Cl-].[Cl-].[Cl-].[Cl-].[Pt+4]
polymethylhydrosiloxane	C[SiH]1CCCCO1
polyphosphoric acid (ppa)	O=P(O)(O)O
potassium 2-methylbutan-2-olate	CCC(C)(C)[O-].[K+]
potassium acetate	CC(=O)[O-].[K+]
potassium borohydride	[BH4-].[K+]
potassium carbonate	O=C([O-])[O-].[K+].[K+]
potassium chloride	[Cl-].[K+]
potassium fluoride	[F-].[K+]
potassium hydrogensulfate	O=S(=O)([O-])O.[K+]
potassium hydroxide	[K+].[OH-]
potassium iodide	[I-].[K+]
potassium nitrate	O=[N+]([O-])[O-].[K+]
potassium phosphate	O=P([O-])([O-])[O-].[K+].[K+].[K+]
potassium phosphate tribasic	O=P([O-])([O-])[O-].[K+].[K+].[K+]
potassium tert-butylate	CC(C)(C)[O-].[K+]
potassium tetrakis(pentafluorophenyl)borate	Fc1c(F)c(F)c([B-](c2c(F)c(F)c(F)c(F)c2F)(c2c(F)c(F)c(F)c(F)c2F)c2c(F)c(F)c(F)c(F)c2F)c(F)c1F.[K+]
potassium-t-butoxide	CC(C)(C)[O-].[K+]
ppa	O=P(O)(O)O
prolinium trifluoromethanesulfonate	O=C(O)[C@@H]1CCC[NH2+]1.O=S(=O)([O-])C(F)(F)F
propan-1-ol	CCCO
pyridine	c1ccncc1
pyridine n-oxide	[O-][n+]1ccccc1
pyridinium hydrobromide perbromide	C1=CC=[NH+]C=C1.Br[Br-]Br
pyrrolidine	C1CCNC1
rac-3-(tert-butyl)-4-(2,6-dimethoxyphenyl)-2,3-dihydrobenzo[d][1,3]oxaphosphole	COc1cccc(OC)c1-c1cccc2c1P(C(C)(C)C)CO2
rac-binap	c1ccc(P(c2ccccc2)c2ccc3ccccc3c2-c2c(P(c3ccccc3)c3ccccc3)ccc3ccccc23)cc1
rhenium(vii) oxide	[O-2].[Re+7]
rhodium(i)-bis(1,5-cyclooctadiene) tetrafluoroborate	C1=CCCC=CCC1.C1=CCCC=CCC1.F[B-](F)(F)F.[Rh+]
rose bengal	O=C([O-])c1c(Cl)c(Cl)c(Cl)c(Cl)c1-c1c2cc(I)c(=O)c(I)c-2oc2c(I)c([O-])c(I)cc12.[Na+].[Na+]
ruphos	CC(C)Oc1cccc(OC(C)C)c1-c1ccccc1P(C1CCCCC1)C1CCCCC1
ruthenium (iii) chloride	[Cl-].[Cl-].[Cl-].[Ru+3]
ruthenium trichloride	[Cl-].[Cl-].[Cl-].[Ru+3]
s-benzyl isothiouronium chloride	NC(=[NH2+])SCc1ccccc1.[Cl-]
samarium	[Sm]
samarium (iii) iodide	[I-].[I-].[I-].[Sm+3]
samarium diiodide	[I-].[I-].[Sm+2]
samarium triiodide	[I-].[I-].[I-].[Sm+3]
samarium(iii) trifluoromethanesulfonate	O=S(=O)([O-])C(F)(F)F.O=S(=O)([O-])C(F)(F)F.O=S(=O)([O-])C(F)(F)F.[Sm+3]
sarcosine	CNCC(=O)O
scandium trifluoromethanesulphonate	O=S(=O)([O-])C(F)(F)F.O=S(=O)([O-])C(F)(F)F.O=S(=O)([O-])C(F)(F)F.[Sc+3]
scandium tris(trifluoromethanesulfonate)	O=S(=O)([O-])C(F)(F)F.O=S(=O)([O-])C(F)(F)F.O=S(=O)([O-])C(F)(F)F.[Sc+3]
schwartz's reagent	[Cl-].[H-].[Zr+4].c1cc[cH-]c1.c1cc[cH-]c1
sec.-butyllithium	[Li][CH](C)CC
selectfluor	F[B-](F)(F)F.F[B-](F)(F)F.F[N+]12CC[N+](CCl)(CC1)CC2
selenium	[Se]
silica gel	O=[Si]=O
silver	[Ag]
silver carbonate	O=C([O-])[O-].[Ag+].[Ag+]
silver hexafluoroantimonate	[Ag+].[F][Sb-]([F])([F])([F])([F])[F]
silver nitrate	O=[N+]([O-])[O-].[Ag+]
silver perchlorate	[Ag+].[O-][Cl+3]([O-])([O-])[O-]
silver tetrafluoroborate	F[B-](F)(F)F.[Ag+]
silver trifluoroacetate	O=C([O-])C(F)(F)F.[Ag+]
silver trifluoromethanesulfonate	O=S(=O)([O-])C(F)(F)F.[Ag+]
silver(i) acetate	CC(=O)[O-].[Ag+]
silver(i) bromide	[Ag+].[Br-]
silver(i) oxide	O.[Ag].[Ag]
silver(i) triflimide	O=S(=O)(NS(=O)(=O)C(F)(F)F)C(F)(F)F.[Ag+]
sodium	[Na+]
sodium acetate	CC(=O)[O-].[Na+]
sodium azide	[N-]=[N+]=[N-].[Na+]
sodium borohydrid	[BH4-].[Na+]
sodium bromide	[Br-].[Na+]
sodium butanolate	CCCC[O-].[Na+]
sodium carbonate	O=C([O-])[O-].[Na+].[Na+]
sodium chloride	[Cl-].[Na+]
sodium cyanoborohydride	[BH3-]C#N.[Na+]
sodium dodecyl sulfate	CCCCCCCCCCCCOS(=O)(=O)[O-].[Na+]
sodium dodecyl-sulfate	CCCCCCCCCCCCOS(=O)(=O)[O-].[Na+]
sodium formate	O=C[O-].[Na+]
sodium hexamethyldisilazane	[CH2-][Si](C)(C)N[Si](C)(C)C.[Na+]
sodium hydride	[H-].[Na+]
sodium hydrogen sulfate	O=S(=O)([O-])O.[Na+]
sodium hydrogencarbonate	O=C([O-])O.[Na+]
sodium hydrogensulfate	O=S(=O)([O-])O.[Na+]
sodium hydroxide	[Na+].[OH-]
sodium iodide	[I-].[Na+]
sodium methylate	C[O-].[Na+]
sodium nitrite	O=N[O-].[Na+]
sodium periodate	[Na+].[O-][I+3]([O-])([O-])[O-]
sodium phenylsulfonate	O=S(=O)([O-])c1ccccc1.[Na+]
sodium pivalate	CC(C)(C)C(=O)[O-].[Na+]
sodium sulfate	O=S(=O)([O-])[O-].[Na+].[Na+]
sodium t-butanolate	CC(C)(C)[O-].[Na+]
sodium tert-pentoxide	CCC(C)(C)[O-].[Na+]
sodium tertiary butoxide	CC(C)(C)[O-].[Na+]
sodium tetrahydroborate	[BH4-].[Na+]
sodium tosylate	Cc1ccc(S(=O)(=O)[O-])cc1.[Na+]
sodium triacetoxy borohydride	CC(=O)O[BH-](OC(C)=O)OC(C)=O.[Na+]
sodium triacetoxyborohydride	CC(=O)O[BH-](OC(C)=O)OC(C)=O.[Na+]
sodium tris(acetoxy)borohydride	CC(=O)O[BH-](OC(C)=O)OC(C)=O.[Na+]
stannic bromide	[Br][Sn]([Br])([Br])[Br]
sulfolane	O=S1(=O)CCCC1
sulfur	[S]
sulfuric acid	O=S(=O)(O)O
tbuxphos pd g3	CC(C)c1cc(C(C)C)c(-c2ccccc2P(C(C)(C)C)C(C)(C)C)c(C(C)C)c1.CS(=O)(=O)O.Nc1ccccc1-c1[c-]cccc1.[Pd]
tea	CCN(CC)CC
tert-amyl alcohol	CCC(C)(C)O
tert-butyl alcohol	CC(C)(C)O
tert-butyl methyl ether	COC(C)(C)C
tert-butyl xphos	CC(C)c1cc(C(C)C)c(-c2ccccc2P(C(C)(C)C)C(C)(C)C)c(C(C)C)c1
tert-butylmagnesium chloride	C[C](C)(C)[Mg][Cl]
tert.-butyl lithium	[Li][C](C)(C)C
tert.-butylhydroperoxide	CC(C)(C)OO
tetra(n-butyl)ammonium hydroxide	CCCC[N+](CCCC)(CCCC)CCCC.[OH-]
tetra(n-butyl)ammonium tribromide	[Br-](Br)Br.C(CCC)[N+](CCCC)(CCCC)CCCC
tetra(n-butyl)phosphonium malonate	CCCC[P+](CCCC)(CCCC)CCCC.CCCC[P+](CCCC)(CCCC)CCCC.O=C([O-])CC(=O)[O-]
tetra-(n-butyl)ammonium iodide	CCCC[N+](CCCC)(CCCC)CCCC.[I-]
tetra-n-butylammonium tribromide	CCCC[N+](CCCC)(CCCC)CCCC.Br[Br-]Br
tetrabutyl ammonium fluoride	CCCC[N+](CCCC)(CCCC)CCCC.[F-]
tetrabutyl-ammonium chloride	CCCC[N+](CCCC)(CCCC)CCCC.[Cl-]
tetrabutylammomium bromide	CCCC[N+](CCCC)(CCCC)CCCC.[Br-]
tetrabutylammonium borohydride	CCCC[N+](CCCC)(CCCC)CCCC.[BH4-]
tetrabutylammonium perchlorate	CCCC[N+](CCCC)(CCCC)CCCC.[O-][Cl+3]([O-])([O-])[O-]
tetrabutylammonium periodite	CCCC[N+](CCCC)(CCCC)CCCC.[O-][I+3]([O-])([O-])[O-]
tetrabutylammonium tetrafluoroborate	CCCC[N+](CCCC)(CCCC)CCCC.F[B-](F)(F)F
tetrachloromethane	ClC(Cl)(Cl)Cl
tetrachlorosilane	Cl[Si](Cl)(Cl)Cl
tetraethylammonium iodide	CC[N+](CC)(CC)CC.[I-]
tetrafluoroboric acid	F[B-](F)(F)F.[H+]
tetrafluoroboric acid diethyl ether	CCOCC.F[B-](F)(F)F.[H+]
tetrahydrofuran	C1CCOC1
tetrakis(dimethylamino)ethylen	CN(C)C(=C(N(C)C)N(C)C)N(C)C
tetrakis(triphenylphosphine) palladium(0)	[Pd].c1ccc(P(c2ccccc2)c2ccccc2)cc1.c1ccc(P(c2ccccc2)c2ccccc2)cc1.c1ccc(P(c2ccccc2)c2ccccc2)cc1.c1ccc(P(c2ccccc2)c2ccccc2)cc1
tetrakis(triphenylphosphine)nickel(0)	[Ni].c1ccc(P(c2ccccc2)c2ccccc2)cc1.c1ccc(P(c2ccccc2)c2ccccc2)cc1.c1ccc(P(c2ccccc2)c2ccccc2)cc1.c1ccc(P(c2ccccc2)c2ccccc2)cc1
tetralin	c1ccc2c(c1)CCCC2
tetramethylammonium triacetoxyborohydride	CC(=O)O[BH-](OC(C)=O)OC(C)=O.C[N+](C)(C)C
tetramethylethylenediamine	CN(C)CCN(C)C
tetramethylpiperidinylzinc chloride lithium chloride	CC1(C)CCC[N-]C1(C)C.[Cl-].[Cl-].[Li+].[Zn+2]
tetramethylurea	CN(C)C(=O)N(C)C
thf	C1CCOC1
thiamine hydrochloride	Cc1ncc(C[n+]2csc(CCO)c2C)c(N)n1.Cl.[Cl-]
thionyl chloride	[O-][S+](Cl)Cl
thiourea	NC(N)=S
tin	[Sn]
tin(ii) chloride	[Cl][Sn][Cl]
tin(ii) chloride dihdyrate	O.O.[Cl][Sn][Cl]
tin(ii) trifluoromethanesulfonate	O=S(=O)([O-])C(F)(F)F.O=S(=O)([O-])C(F)(F)F.[Sn+2]
tin(iv) chloride	[Cl][Sn]([Cl])([Cl])[Cl]
titanium tetrachloride	[Cl-].[Cl-].[Cl-].[Cl-].[Ti+4]
titanium(iv) oxide	[O-2].[O-2].[Ti+4]
titanium(iv) tetraethanolate	CC[O-].CC[O-].CC[O-].CC[O-].[Ti+4]
titanocene perfluorophenylsulfonate	C1=CCC=C1.O=S(=O)([O-])c1c(F)c(F)c(F)c(F)c1F.[Ti+2].c1cc[cH-]c1
tmeda	CN(C)CCN(C)C
tol-binap	Cc1ccc(P(c2ccc(C)cc2)c2ccc3ccccc3c2-c2c(P(c3ccc(C)cc3)c3ccc(C)cc3)ccc3ccccc23)cc1
toluene	Cc1ccccc1
toluene-4-sulfonic acid	Cc1ccc(S(=O)(=O)O)cc1
toluene-4-sulfonic acid hydrazide	Cc1ccc(S(=O)(=O)NN)cc1
tpgs-750-m	COCCOC(=O)CCC(=O)Oc1c(C)c(C)c2c(c1C)CCC(C)(CCCC(C)CCCC(C)CCCC(C)C)O2
trans-n,n'-dimethylcyclohexane-1,2-diamine	CN[C@@H]1CCCC[C@H]1NC
tri(p-tolyl)antimony	Cc1cc[c]([Sb]([c]2ccc(C)cc2)[c]2ccc(C)cc2)cc1
tri(p-tolyl)phosphine	Cc1ccc(P(c2ccc(C)cc2)c2ccc(C)cc2)cc1
tri-n-butyl-tin hydride	CCC[CH2][SnH]([CH2]CCC)[CH2]CCC
tri-tert-butyl phosphine	CC(C)(C)P(C(C)(C)C)C(C)(C)C
tri-tert-butylphosphonium tetrafluoroborate	CC(C)(C)[PH+](C(C)(C)C)C(C)(C)C.F[B-](F)(F)F
triacetoxyborane	CC(=O)OB(OC(C)=O)OC(C)=O
tributyl(carboxymethyl)phosphonium bromide	CCCC[P+](CCCC)(CCCC)CC(=O)O.[Br-]
tributylphosphine	CCCCP(CCCC)CCCC
trichloroacetic acid	O=C(O)C(Cl)(Cl)Cl
trichlorophosphate	O=P(Cl)(Cl)Cl
tricyclohexylphosphine	C1CCC(P(C2CCCCC2)C2CCCCC2)CC1
triethoxysilane	CCO[SiH](OCC)OCC
triethyl borane	CCB(CC)CC
triethylamine	CCN(CC)CC
triethylsilane	CC[SiH](CC)CC
trifluoroacetic acid	O=C(O)C(F)(F)F
trifluoroacetic anhydride	O=C(OC(=O)C(F)(F)F)C(F)(F)F
trifluoromethylsulfonic anhydride	O=S(=O)(OS(=O)(=O)C(F)(F)F)C(F)(F)F
trifluorormethanesulfonic acid	O=S(=O)(O)C(F)(F)F
trifuran-2-yl-phosphane	c1coc(P(c2ccco2)c2ccco2)c1
triiron dodecarbonyl	[C-]#[O+].[C-]#[O+].[C-]#[O+].[C-]#[O+].[C-]#[O+].[C-]#[O+].[C-]#[O+].[C-]#[O+].[C-]#[O+].[C-]#[O+].[CH-]=O.[CH-]=O.[Fe+2].[Fe].[Fe]
triisopropoxytitanium(iv) chloride	CC(C)[O-].CC(C)[O-].CC(C)[O-].[Cl-].[Ti+4]
trimethyl borate	COB(OC)OC
trimethyl orthoformate	COC(OC)OC
trimethylacetic acid	CC(C)(C)C(=O)O
trimethylaluminum	[Al+3].[CH3-].[CH3-].[CH3-]
trimethylamine-n-oxide	C[N+](C)(C)[O-]
trimethylsilyl trifluoromethanesulfonate	C[Si](C)(C)OS(=O)(=O)C(F)(F)F
trineopentyl phosphine	CC(C)(C)CP(CC(C)(C)C)CC(C)(C)C
triphenylphosphine	c1ccc(P(c2ccccc2)c2ccccc2)cc1
triphenylphosphine oxide	O=P(c1ccccc1)(c1ccccc1)c1ccccc1
tripiperidino-phosphine	C1CCN(P(N2CCCCC2)N2CCCCC2)CC1
tris(1-methylethyl)phosphine	CC(C)P(C(C)C)C(C)C
tris(acetylacetonato)iron(iii)	CC(=O)C=C(C)[O-].CC(=O)C=C(C)[O-].CC(=O)C=C(C)[O-].[Fe+3]
tris(dibenzylideneacetone)dipalladium	O=C(C=Cc1ccccc1)C=Cc1ccccc1.O=C(C=Cc1ccccc1)C=Cc1ccccc1.O=C(C=Cc1ccccc1)C=Cc1ccccc1.[Pd].[Pd]
tris(dibenzylideneacetone)dipalladium (0)	O=C(C=Cc1ccccc1)C=Cc1ccccc1.O=C(C=Cc1ccccc1)C=Cc1ccccc1.O=C(C=Cc1ccccc1)C=Cc1ccccc1.[Pd].[Pd]
tris(hydroxymethyl)methane ammonium hydrogensulphate	O=S(=O)([O-])O.OCC(CO)CO.[NH4+]
tris(p-bromophenyl)ammoniumyl hexachloroantimonate	tris(p-bromophenyl)ammoniumyl hexachloroantimonate
tris(p-bromophenylammoniumyl) hexachloroantimonate	tris(p-bromophenyl)ammoniumyl hexachloroantimonate
tris(pentafluorophenyl)borane	Fc1c(F)c(F)c(OB(Oc2c(F)c(F)c(F)c(F)c2F)Oc2c(F)c(F)c(F)c(F)c2F)c(F)c1F
tris(pentafluorophenyl)borate	Fc1c(F)c(F)c(OB(Oc2c(F)c(F)c(F)c(F)c2F)Oc2c(F)c(F)c(F)c(F)c2F)c(F)c1F
tris(triphenylphosphine)ruthenium(ii) chloride	[Cl-].[Cl-].[Ru+2].c1ccc(P(c2ccccc2)c2ccccc2)cc1.c1ccc(P(c2ccccc2)c2ccccc2)cc1.c1ccc(P(c2ccccc2)c2ccccc2)cc1
tris-(2-furyl)phosphine	c1coc(P(c2ccco2)c2ccco2)c1
tris-(4-bromophenyl)aminium hexachloroantimonate	Brc1ccc([NH+](c2ccc(Br)cc2)c2ccc(Br)cc2)cc1.[Cl][Sb-]([Cl])([Cl])([Cl])([Cl])[Cl]
tris-(dibenzylideneacetone)dipalladium(0)	O=C(C=Cc1ccccc1)C=Cc1ccccc1.O=C(C=Cc1ccccc1)C=Cc1ccccc1.O=C(C=Cc1ccccc1)C=Cc1ccccc1.[Pd].[Pd]
tris-(o-tolyl)phosphine	Cc1ccccc1P(c1ccccc1C)c1ccccc1C
trityl tetrakis(pentafluorophenyl)borate	Fc1c(F)c(F)c([B-](c2c(F)c(F)c(F)c(F)c2F)(c2c(F)c(F)c(F)c(F)c2F)c2c(F)c(F)c(F)c(F)c2F)c(F)c1F.c1ccc([C+](c2ccccc2)c2ccccc2)cc1
tween-20	CCCCCCCCCCCC(=O)OCCOCC(OCCO)C1OCC(OCCO)C1OCCO
urea	NC(N)=O
vanadium(iii) chloride	[Cl-].[Cl-].[Cl-].[V+3]
various solvent(s)	various solvent(s)
water	O
water-d2	O
xantphos	CC1(C)c2cccc(P(c3ccccc3)c3ccccc3)c2Oc2c(P(c3ccccc3)c3ccccc3)cccc21
xphos	CC(C)c1cc(C(C)C)c(-c2ccccc2P(C2CCCCC2)C2CCCCC2)c(C(C)C)c1
xylene	Cc1ccccc1C
ytterbium(iii) triflate	O=S(=O)([O-])C(F)(F)F.O=S(=O)([O-])C(F)(F)F.O=S(=O)([O-])C(F)(F)F.[Yb+3]
yttrium(iii) trifluoromethanesulfonate	O=S(=O)([O-])C(F)(F)F.O=S(=O)([O-])C(F)(F)F.O=S(=O)([O-])C(F)(F)F.[Y+3]
zinc	[Zn]
zinc copper	[Cu].[Zn]
zinc diacetate	CC(=O)[O-].CC(=O)[O-].[Zn+2]
zinc dibromide	[Br-].[Br-].[Zn+2]
zinc perchlorate	[O-][Cl+3]([O-])([O-])[O-].[O-][Cl+3]([O-])([O-])[O-].[Zn+2]
zinc trifluoromethanesulfonate	O=S(=O)([O-])C(F)(F)F.O=S(=O)([O-])C(F)(F)F.[Zn+2]
zinc(ii) acetate	CC(=O)[O-].CC(=O)[O-].[Zn+2]
zinc(ii) chloride	[Cl-].[Cl-].[Zn+2]
zinc(ii) fluoride	[F-].[F-].[Zn+2]
zinc(ii) iodide	[I-].[I-].[Zn+2]
zinc(ii) oxide	[O-2].[Zn+2]
zinc(ii) tetrahydroborate	[BH4-].[BH4-].[Zn+2]
zinc(ii) trifluoroacetate	O=C([O-])C(F)(F)F.O=C([O-])C(F)(F)F.[Zn+2]
zirconium(iv) chloride	[Cl-].[Cl-].[Cl-].[Cl-].[Zr+4]
zirconium(iv) tert-butoxide	CC(C)(C)[O-].CC(C)(C)[O-].CC(C)(C)[O-].CC(C)(C)[O-].[Zr+4]
zirconocene dichloride	[Cl-].[Cl-].[Zr+2].c1cc[cH-]c1.c1cc[cH-]c1
α,α,α-trifluorotoluene	FC(F)(F)c1ccccc1
