method,display_method,seed,family,n_test_manifest,candidate_slates,missing_candidate_slates,cover,sys1,sys3,sys5,sys10,mrr,ndcg10,temperature_n,temperature_mae,temperature_within_5c,temperature_within_10c,temperature_within_20c,selected_route_weight
product_gnn,B2 Product-GNN,0,Beckmann,235,232,3,0.2297872340425532,0.01276595744680851,0.04680851063829787,0.05531914893617021,0.09361702127659574,0.04019582540092451,0.04544843422932437,0,,,,,1.0
product_gnn,B2 Product-GNN,0,Buchwald-HartwigCross-Coupling,1099,1098,1,0.27934485896269334,0.015468607825295725,0.051865332120109194,0.09463148316651503,0.1410373066424022,0.05244612836253006,0.0666936720898878,0,,,,,1.0
product_gnn,B2 Product-GNN,0,Chan_LamCoupling,390,390,0,0.5846153846153846,0.1,0.2128205128205128,0.30512820512820515,0.4025641025641026,0.1920002215743909,0.23116031205769852,0,,,,,1.0
product_gnn,B2 Product-GNN,0,DielsAlder,762,742,20,0.2769028871391076,0.04330708661417323,0.08661417322834646,0.1089238845144357,0.15223097112860892,0.07659320876214255,0.08838344622946177,0,,,,,1.0
product_gnn,B2 Product-GNN,0,Friedel-CraftsAcylation,475,473,2,0.48,0.08421052631578947,0.18105263157894738,0.23157894736842105,0.3031578947368421,0.1537899538171232,0.17773870658943758,0,,,,,1.0
product_gnn,B2 Product-GNN,0,Friedel-CraftsAlkylation,899,898,1,0.43270300333704115,0.08008898776418243,0.15684093437152388,0.1968854282536151,0.25472747497219134,0.13625582823896187,0.15464644575453945,0,,,,,0.5
sequential_fnn,B3 EditRetro + Sequential FNN,0,Beckmann,235,232,3,0.3191489361702128,0.13617021276595745,0.17872340425531916,0.21276595744680848,0.23829787234042554,0.16967027793072095,0.1777054785728093,47,17.521256619311394,0.3191489361702128,0.5106382978723404,0.6595744680851063,1.5
sequential_fnn,B3 EditRetro + Sequential FNN,0,Buchwald-HartwigCross-Coupling,1099,1098,1,0.38034576888080074,0.06915377616014559,0.12283894449499545,0.1510464058234759,0.19927206551410373,0.11240889831024926,0.1262351465590562,339,8.365537643432617,0.5457227138643068,0.7728613569321534,0.9026548672566371,1.5
sequential_fnn,B3 EditRetro + Sequential FNN,0,Chan_LamCoupling,390,390,0,0.6948717948717948,0.3487179487179487,0.4641025641025641,0.5128205128205128,0.5615384615384615,0.42612119364040807,0.45195658429979385,253,7.057136573810351,0.6403162055335968,0.8300395256916996,0.9209486166007905,1.0
sequential_fnn,B3 EditRetro + Sequential FNN,0,DielsAlder,762,742,20,0.31496062992125984,0.10498687664041995,0.15354330708661418,0.18241469816272965,0.20734908136482938,0.1408133457053658,0.15187113777149816,185,18.82386198559323,0.4,0.5405405405405406,0.6918918918918919,1.5
sequential_fnn,B3 EditRetro + Sequential FNN,0,Friedel-CraftsAcylation,475,473,2,0.5831578947368421,0.20210526315789473,0.3368421052631579,0.37473684210526315,0.4336842105263158,0.2849011828022953,0.3128277821327456,242,11.6559104461931,0.4628099173553719,0.6322314049586777,0.8305785123966942,1.0
sequential_fnn,B3 EditRetro + Sequential FNN,0,Friedel-CraftsAlkylation,899,898,1,0.4671857619577308,0.16240266963292546,0.2224694104560623,0.2447163515016685,0.26028921023359286,0.2020518854998738,0.20988442925989234,398,7.823242089182288,0.6030150753768844,0.7487437185929648,0.8894472361809045,2.0
reaction_gcnn,B4 EditRetro + Reaction-GCNN,0,Beckmann,235,232,3,0.3276595744680851,0.03404255319148936,0.08936170212765958,0.10212765957446808,0.14893617021276595,0.07369215035876497,0.08213058015486921,0,,,,,2.0
reaction_gcnn,B4 EditRetro + Reaction-GCNN,0,Buchwald-HartwigCross-Coupling,1099,1098,1,0.2966333030027298,0.04094631483166515,0.08007279344858963,0.09827115559599636,0.1392174704276615,0.07279883110789753,0.08227760467070315,0,,,,,1.5
reaction_gcnn,B4 EditRetro + Reaction-GCNN,0,Chan_LamCoupling,390,390,0,0.5615384615384615,0.14102564102564102,0.23076923076923078,0.2923076923076923,0.37435897435897436,0.21085373748033207,0.23915790866655234,0,,,,,1.5
reaction_gcnn,B4 EditRetro + Reaction-GCNN,0,DielsAlder,762,742,20,0.2782152230971129,0.049868766404199474,0.0774278215223097,0.0905511811023622,0.13385826771653545,0.07632489597228478,0.08350551430619454,0,,,,,2.0
reaction_gcnn,B4 EditRetro + Reaction-GCNN,0,Friedel-CraftsAcylation,475,473,2,0.47368421052631576,0.08,0.1831578947368421,0.24210526315789474,0.29894736842105263,0.15189308293187553,0.17891948514408149,0,,,,,1.5
reaction_gcnn,B4 EditRetro + Reaction-GCNN,0,Friedel-CraftsAlkylation,899,898,1,0.36484983314794217,0.0878754171301446,0.13236929922135707,0.14571746384872078,0.18020022246941045,0.12039546929241174,0.12691369216649498,0,,,,,2.0
product_gnn,B2 Product-GNN,1,Beckmann,235,232,3,0.20425531914893616,0.02127659574468085,0.04680851063829787,0.05531914893617021,0.09361702127659574,0.04414499917805118,0.049018135127402884,0,,,,,1.0
product_gnn,B2 Product-GNN,1,Buchwald-HartwigCross-Coupling,1099,1098,1,0.2802547770700637,0.017288444040036398,0.05004549590536852,0.08826205641492267,0.14285714285714288,0.052155329448869844,0.06757109225667868,0,,,,,2.0
product_gnn,B2 Product-GNN,1,Chan_LamCoupling,390,390,0,0.6153846153846154,0.12564102564102564,0.2282051282051282,0.2948717948717949,0.43333333333333335,0.21263317641799448,0.2528974911786519,0,,,,,1.0
product_gnn,B2 Product-GNN,1,DielsAlder,762,742,20,0.27296587926509186,0.05380577427821522,0.10498687664041995,0.12860892388451442,0.15879265091863518,0.0909052205535712,0.10152278223011584,0,,,,,2.0
product_gnn,B2 Product-GNN,1,Friedel-CraftsAcylation,475,473,2,0.5178947368421053,0.10105263157894737,0.20421052631578948,0.2610526315789474,0.3452631578947368,0.17836958214951654,0.2057245091933392,0,,,,,1.5
product_gnn,B2 Product-GNN,1,Friedel-CraftsAlkylation,899,898,1,0.42602892102335926,0.07563959955506118,0.16907675194660732,0.20689655172413793,0.2569521690767519,0.13793393386322558,0.15693555147074476,0,,,,,1.0
sequential_fnn,B3 EditRetro + Sequential FNN,1,Beckmann,235,232,3,0.3404255319148936,0.11914893617021277,0.1702127659574468,0.19148936170212766,0.22127659574468084,0.15662245278909642,0.16391844330336675,52,17.52680353017954,0.36538461538461536,0.46153846153846156,0.7115384615384616,2.0
sequential_fnn,B3 EditRetro + Sequential FNN,1,Buchwald-HartwigCross-Coupling,1099,1098,1,0.34849863512283896,0.055505004549590536,0.11737943585077344,0.1510464058234759,0.1956323930846224,0.10272163060345553,0.11992610629052372,303,9.033191334689805,0.5016501650165016,0.7392739273927392,0.8712871287128713,1.5
sequential_fnn,B3 EditRetro + Sequential FNN,1,Chan_LamCoupling,390,390,0,0.6871794871794872,0.29743589743589743,0.41794871794871796,0.4846153846153846,0.5564102564102564,0.38237680900547755,0.4156703059781462,249,8.084376250883661,0.5461847389558233,0.7871485943775101,0.9156626506024096,1.0
sequential_fnn,B3 EditRetro + Sequential FNN,1,DielsAlder,762,742,20,0.3110236220472441,0.11023622047244094,0.16010498687664043,0.19553805774278216,0.21259842519685038,0.14704017392192814,0.15638150365189732,185,20.181484843911353,0.3027027027027027,0.5135135135135135,0.6594594594594595,1.0
sequential_fnn,B3 EditRetro + Sequential FNN,1,Friedel-CraftsAcylation,475,473,2,0.5873684210526315,0.24842105263157896,0.35789473684210527,0.40842105263157896,0.4568421052631579,0.3212910647744439,0.34409335781404365,245,11.68457345196179,0.4326530612244898,0.6408163265306123,0.8204081632653061,1.0
sequential_fnn,B3 EditRetro + Sequential FNN,1,Friedel-CraftsAlkylation,899,898,1,0.4582869855394883,0.16240266963292546,0.22358175750834258,0.23915461624026693,0.26696329254727474,0.2021822451586884,0.2110123107612887,390,8.159795583841893,0.5615384615384615,0.735897435897436,0.8871794871794871,1.5
reaction_gcnn,B4 EditRetro + Reaction-GCNN,1,Beckmann,235,232,3,0.30638297872340425,0.04680851063829787,0.08085106382978723,0.09787234042553192,0.16170212765957445,0.07928729184236942,0.08675073530102244,0,,,,,2.0
reaction_gcnn,B4 EditRetro + Reaction-GCNN,1,Buchwald-HartwigCross-Coupling,1099,1098,1,0.29208371246587805,0.038216560509554146,0.0718835304822566,0.09190172884440401,0.12920837124658782,0.06766751518111032,0.0759278206277232,0,,,,,1.5
reaction_gcnn,B4 EditRetro + Reaction-GCNN,1,Chan_LamCoupling,390,390,0,0.5538461538461539,0.1564102564102564,0.24102564102564103,0.30256410256410254,0.35128205128205126,0.22278723669542352,0.24159040721877767,0,,,,,2.0
reaction_gcnn,B4 EditRetro + Reaction-GCNN,1,DielsAlder,762,742,20,0.25196850393700787,0.03674540682414698,0.07611548556430446,0.0958005249343832,0.12467191601049869,0.06680529200814707,0.07538118286903588,0,,,,,2.0
reaction_gcnn,B4 EditRetro + Reaction-GCNN,1,Friedel-CraftsAcylation,475,473,2,0.5136842105263157,0.10526315789473685,0.19157894736842107,0.24210526315789474,0.3031578947368421,0.1719196587729143,0.19217981008394258,0,,,,,1.5
reaction_gcnn,B4 EditRetro + Reaction-GCNN,1,Friedel-CraftsAlkylation,899,898,1,0.3559510567296997,0.07563959955506118,0.12124582869855394,0.14126807563959956,0.1768631813125695,0.11028980310914224,0.12002543152256945,0,,,,,2.0
product_gnn,B2 Product-GNN,2,Beckmann,235,232,3,0.251063829787234,0.03404255319148936,0.05106382978723404,0.06382978723404256,0.1148936170212766,0.05681031889245155,0.06479277947264639,0,,,,,1.0
product_gnn,B2 Product-GNN,2,Buchwald-HartwigCross-Coupling,1099,1098,1,0.29208371246587805,0.02820746132848044,0.059144676979071886,0.09463148316651503,0.14831665150136486,0.062277052720046314,0.07656172450821118,0,,,,,2.0
product_gnn,B2 Product-GNN,2,Chan_LamCoupling,390,390,0,0.5769230769230769,0.09743589743589744,0.2230769230769231,0.2923076923076923,0.4128205128205128,0.19383031898794634,0.23452597276303908,0,,,,,1.0
product_gnn,B2 Product-GNN,2,DielsAlder,762,742,20,0.28083989501312334,0.048556430446194225,0.10498687664041995,0.12467191601049869,0.15879265091863518,0.08785697262380651,0.09847681299597788,0,,,,,1.0
product_gnn,B2 Product-GNN,2,Friedel-CraftsAcylation,475,473,2,0.47789473684210526,0.08842105263157896,0.1768421052631579,0.21894736842105264,0.2863157894736842,0.15303017319310355,0.17550878020105726,0,,,,,1.0
product_gnn,B2 Product-GNN,2,Friedel-CraftsAlkylation,899,898,1,0.42046718576195774,0.07341490545050056,0.15684093437152388,0.1935483870967742,0.24582869855394884,0.13115291462654816,0.15079975673956872,0,,,,,1.0
sequential_fnn,B3 EditRetro + Sequential FNN,2,Beckmann,235,232,3,0.3276595744680851,0.13617021276595745,0.18297872340425533,0.19574468085106383,0.20851063829787234,0.16714074564499873,0.16860920302104393,50,16.65966453552246,0.38,0.52,0.68,1.5
sequential_fnn,B3 EditRetro + Sequential FNN,2,Buchwald-HartwigCross-Coupling,1099,1098,1,0.37124658780709735,0.05823475887170155,0.1237488626023658,0.15741583257506825,0.20291173794358508,0.1075870581572179,0.12415997762863508,323,9.444003367940708,0.48297213622291024,0.7306501547987616,0.8885448916408669,1.5
sequential_fnn,B3 EditRetro + Sequential FNN,2,Chan_LamCoupling,390,390,0,0.7025641025641025,0.32051282051282054,0.44358974358974357,0.48717948717948717,0.5794871794871795,0.404198245473083,0.4397910917609035,256,7.407995626330376,0.63671875,0.80078125,0.9140625,1.0
sequential_fnn,B3 EditRetro + Sequential FNN,2,DielsAlder,762,742,20,0.30971128608923887,0.11679790026246718,0.16404199475065614,0.19028871391076113,0.22178477690288714,0.15165565957907204,0.1643024630074452,183,19.70603410728642,0.37158469945355194,0.5300546448087432,0.6721311475409836,1.0
sequential_fnn,B3 EditRetro + Sequential FNN,2,Friedel-CraftsAcylation,475,473,2,0.5810526315789474,0.19578947368421054,0.3178947368421053,0.35789473684210527,0.4105263157894737,0.2743432106275979,0.2981403591904137,243,11.799667843268733,0.4609053497942387,0.6378600823045267,0.8189300411522634,1.0
sequential_fnn,B3 EditRetro + Sequential FNN,2,Friedel-CraftsAlkylation,899,898,1,0.4682981090100111,0.17130144605116795,0.22024471635150167,0.2447163515016685,0.27474972191323693,0.20836822196411578,0.21819951278736333,400,8.658014037013054,0.5925,0.755,0.865,1.5
reaction_gcnn,B4 EditRetro + Reaction-GCNN,2,Beckmann,235,232,3,0.2978723404255319,0.03829787234042553,0.07659574468085106,0.10212765957446808,0.14893617021276595,0.07071981586932038,0.08085413428823678,0,,,,,2.0
reaction_gcnn,B4 EditRetro + Reaction-GCNN,2,Buchwald-HartwigCross-Coupling,1099,1098,1,0.27024567788899,0.039126478616924476,0.06915377616014559,0.09190172884440401,0.11919927206551412,0.06670968679982907,0.07292845897056394,0,,,,,1.5
reaction_gcnn,B4 EditRetro + Reaction-GCNN,2,Chan_LamCoupling,390,390,0,0.5435897435897435,0.1282051282051282,0.2205128205128205,0.28974358974358977,0.35128205128205126,0.2006337862763485,0.2277043520483131,0,,,,,1.5
reaction_gcnn,B4 EditRetro + Reaction-GCNN,2,DielsAlder,762,742,20,0.2742782152230971,0.05249343832020997,0.09973753280839895,0.11679790026246718,0.1377952755905512,0.08437887621280668,0.09227737076815032,0,,,,,2.0
reaction_gcnn,B4 EditRetro + Reaction-GCNN,2,Friedel-CraftsAcylation,475,473,2,0.511578947368421,0.0863157894736842,0.1726315789473684,0.23157894736842105,0.31157894736842107,0.15420914658090482,0.1817943322697076,0,,,,,1.5
reaction_gcnn,B4 EditRetro + Reaction-GCNN,2,Friedel-CraftsAlkylation,899,898,1,0.39265850945494996,0.10011123470522802,0.15461624026696327,0.1746384872080089,0.20689655172413793,0.13759931251732774,0.1476872291694256,0,,,,,2.0
